Drink Volume,Drink Name,Attributes,Energy,Trans Fat,Protein,Total Fat,Saturated Fat,Cholesterol,Carbohydrate,Sugars,Dietary Fibre,Sodium,Calcium,Iron,Vitamin C,Vitamin B2,Potassium,Chloride,Phosphate,Monounsaturated Fat,Polyunsaturated Fat,Sugar,Tea Polyphenols,Total Sugar,Trans Fatty Acid,Total Sugars,Niacin,Vitamin A,Vitamin B1,Vitamin D,Vitamin E,Thiamine (Vitamin B1),Riboflavin (Vitamin B2),Vitamin B6,Folic Acid,Vitamin B12,Biotin,Pantothenic Acid,Zinc,Beta Carotene,Lactose,Fat,Tea Polyphenois,Added Sugars,Calories,Calories from Fat,Vitamin B3,Vitamin D3,Magnesium,Thiamine,Riboflavin,Niacin (B3),Riboflavin (Vit B2),Nicotinamide,Total Carbohydrate,Sucrose,Natrium / Sodium,Salt,Catechin (mg),Omega 6,Omega 3,Niacinamide,Vitamin,Per Serving,Carbohydrates,Fibre,Fiber,Glucose,Maltose,Dietary fibre,Phosphorus,Vitamin B,Macing,Fats,Total Carbohydrates,Phosphorous,Vitamin K,Choline,Manganese,Copper,Iodine,Total Fats,Added Sugar,Calorie,Serving Per,Saturated fat,Trans fat,Proteins,Bicarbonates,Sulphates,Chlorides,Silica,Nitrates,Flourides,Ion,Fluorides,Acai Extract,Blueberry Extract,Pomegranate Extract,Sulfates,pH Value,Total Dissolved Solids,ats,Serving Size: 4.5 tbsp,Servings per container,Saturated Fats,Vit D
24 x 200ml (CTN),Milo Chocolate Malt Milk UHT Packet Drink,Per Serving,1.7g,1mg,1.7g,0.9g,0g,9.5g,8g,0.5g,30mg,60mg,0.8mg,5mg,0.1mg,1.4mg,,,,,,,,,,,,,,,,,,,,,,,,,,,,,,,,,,,,,,,,,,,,,,,,,,,,,,,,,,,,,,,,,,,,,,,,,,,,,,,,,,,,,,,,,,,
12 x 320ml (CTN),Coca-Cola Can Drink - Zero Sugar,Per Serving (100ml),0kcal,,0g,0g,,,0g,0g,,8mg,,,,,,,,,,,,,,,,,,,,,,,,,,,,,,,,,,,,,,,,,,,,,,,,,,,,,,,,,,,,,,,,,,,,,,,,,,,,,,,,,,,,,,,,,,,,,,,
6 x 180ml,Coca-Cola Mini Can Drink - Zero Sugar,Per Serving (180ml),0kcal,,0g,0g,,,0g,0g,,11mg,,,,,,,,,,,,,,,,,,,,,,,,,,,,,,,,,,,,,,,,,,,,,,,,,,,,,,,,,,,,,,,,,,,,,,,,,,,,,,,,,,,,,,,,,,,,,,,
24 x 325ml (CTN),100 Plus Isotonic Can Drink - Original,Per Serving (100ml),27kcal,,0g,0g,,,6.8g,6.8g,,48mg,4mg,,,,14mg,39mg,17mg,,,,,,,,,,,,,,,,,,,,,,,,,,,,,,,,,,,,,,,,,,,,,,,,,,,,,,,,,,,,,,,,,,,,,,,,,,,,,,,,,,,,,,,,
24 x 200ml (CTN),Ribena Blackcurrant Fruit Packet Drink - Regular ,Per Serving (100g),43kcal,0g,0g,0g,0g,,10.6g,,,0mg,,,15mg,,,,,0g,0g,10.5g,,,,,,,,,,,,,,,,,,,,,,,,,,,,,,,,,,,,,,,,,,,,,,,,,,,,,,,,,,,,,,,,,,,,,,,,,,,,,,,,,,,,,
4 x 125ml,Milo Chocolate Malt Milk UHT Packet Drink,Per Serving,1.7g,1mg,1.7g,0.9g,0g,9.5g,8g,0.5g,30mg,60mg,0.8mg,5mg,0.1mg,1.4mg,,,,,,,,,,,,,,,,,,,,,,,,,,,,,,,,,,,,,,,,,,,,,,,,,,,,,,,,,,,,,,,,,,,,,,,,,,,,,,,,,,,,,,,,,,,
6 x 250ml,Pokka Packet Drink - Ice Lemon Tea,Per Serving (250ml),100kcal,,0.0g,0.0g,0.0g,,25.0g,25.0g,,13mg,,,,,,,,,,,10mg,,,,,,,,,,,,,,,,,,,,,,,,,,,,,,,,,,,,,,,,,,,,,,,,,,,,,,,,,,,,,,,,,,,,,,,,,,,,,,,,,,,,
1.5L,Pokka Bottle Drink - Peach Tea,Per Serving (250ml),88kcal,,0.0g,0.0g,0.0g,,22.0g,,,8mg,,,,,,,,,,,10mg,22.0g,,,,,,,,,,,,,,,,,,,,,,,,,,,,,,,,,,,,,,,,,,,,,,,,,,,,,,,,,,,,,,,,,,,,,,,,,,,,,,,,,,,
24 x 250ml (CTN),Pokka Packet Drink - Oolong Tea (No Sugar Added),Per Serving (250ml),0kcal,0g,0g,0g,0g,0mg,0g,0g,0g,13mg,,,,,,,,,,,100mg,,,,,,,,,,,,,,,,,,,,,,,,,,,,,,,,,,,,,,,,,,,,,,,,,,,,,,,,,,,,,,,,,,,,,,,,,,,,,,,,,,,,
18 x 27g,Milo 3 in 1 Instant Chocolate Malt Drink,Per Serving (27g),96kcal,,2.2g,2g,1g,2mg,16.4g,,1g,76mg,132mg,2.8mg,9.8g,0.9mg,,,,,,,,,0g,12.2g,2.8mg,,,,,,,,,,,,,,,,,,,,,,,,,,,,,,,,,,,,,,,,,,,,,,,,,,,,,,,,,,,,,,,,,,,,,,,,,,,,,,,,
1.5L,Pokka Bottle Drink - Oolong Tea (No Sugar Added),Per Serving (250ml),0kcal,0g,0g,0g,0g,0mg,0g,0g,,13mg,,,,,,,,,,,100mg,,,,,,,,,,,,,,,,,,,,,,,,,,,,,,,,,,,,,,,,,,,,,,,,,,,,,,,,,,,,,,,,,,,,,,,,,,,,,,,,,,,,
24 x 200ml (CTN),Ribena Blackcurrant Fruit Drink Packet - Light,Per Serving (200ml),38kcal,0g,0g,0g,0g,0g,9.4g,8.8g,,20mg,,,30mg,,,,,0g,0g,,,,,,,,,,,,,,,,,,,,,,,,,,,,,,,,,,,,,,,,,,,,,,,,,,,,,,,,,,,,,,,,,,,,,,,,,,,,,,,,,,,,,,
4 x 125g,Milo Chocolate Malt UHT Packet Drink - Less Sugar,Per Serving,108kcal,0g,4.6g,2.8g,1.6g,4mg,16g,11.8g,0g,90mg,240mg,1.6mg,,0.44mg,,,,,,,,,,,,,,,,,,,,,,,,,,,,,,,,,,,,,,,,,,,,,,,,,,,,,,,,,,,,,,,,,,,,,,,,,,,,,,,,,,,,,,,,,,,
450g,Milo Chocolate Malt Drink Powder with Milk - Australian Recipe,Per Serving (25g),105kcal/440kJ,,3.25g,,,,17.57g,11.6g,1g,27mg,114.75mg,7mg,,0.35mg,,,,,,,,,,,,131.25mcg,0.46mg,,,,,,,,,,,,,,,,,,,,,,,,,,,,,,,,,,,,,,,,,,,,,,,,,,,,,,,,,,,,,,,,,,,,,,,,,,,,,,
24 x 250ml (CTN),Pokka Packet Drink - Ice Lemon Tea,Per Serving (250ml),100kcal,,0.0g,0.0g,0.0g,,25.0g,25.0g,,13mg,,,,,,,,,,,10mg,,,,,,,,,,,,,,,,,,,,,,,,,,,,,,,,,,,,,,,,,,,,,,,,,,,,,,,,,,,,,,,,,,,,,,,,,,,,,,,,,,,,
1L,Milo Chocolate Malt Milk UHT Packet Drink,Per Serving,1.7g,1mg,1.7g,0.9g,0g,9.5g,8g,0.5g,30mg,60mg,0.8mg,5mg,0.1mg,1.4mg,,,,,,,,,,,,,,,,,,,,,,,,,,,,,,,,,,,,,,,,,,,,,,,,,,,,,,,,,,,,,,,,,,,,,,,,,,,,,,,,,,,,,,,,,,,
6 x 250ml,Pokka Packet Drink - Chrysanthemum with White Tea,Per Serving (250ml),55kcal,0g,0g,0g,0g,0mg,14g,14g,,15mg,,,,,,,,,,,30mg,,,,,,,,,,,,,,,,,,,,,,,,,,,,,,,,,,,,,,,,,,,,,,,,,,,,,,,,,,,,,,,,,,,,,,,,,,,,,,,,,,,,
6 x 250ml,Pokka Packet Drink - Chrysanthemum with White Tea,Per Serving (250ml),55kcal,0g,0g,0g,0g,0mg,14g,14g,,15mg,,,,,,,,,,,30mg,,,,,,,,,,,,,,,,,,,,,,,,,,,,,,,,,,,,,,,,,,,,,,,,,,,,,,,,,,,,,,,,,,,,,,,,,,,,,,,,,,,,
10 x 28g,Horlicks 3 in 1 Instant Malted Drink - Original,Per Serving (28g),107kcal,0g,3.1g,1.1g,,,21.1g,,0.5g,0.1g,532mg,3.56mg,19.8mg,,,,,,,,,,,,5.88mg,264.04µg,,3.84µg,3.3mg,0.46mg,0.62mg,0.66mg,42µg,0.33µg,0.05µg,1.99mg,3.25mg,,,,,,,,,,,,,,,,,,,,,,,,,,,,,,,,,,,,,,,,,,,,,,,,,,,,,,,,,,,,,,,,,,,,
6 x 250ml,Pokka Packet Drink - Carrot Juice,Per Serving (250g),103kcal,,0g,0g,,,25.8g,24.5g,,12.5mg,,,32.5mg,,,,,,,,,,,,,,,,6.3mg,,,,,,,,,3980mcg,,,,,,,,,,,,,,,,,,,,,,,,,,,,,,,,,,,,,,,,,,,,,,,,,,,,,,,,,,,,,,,,,,,
6 x 250ml,Pokka Premium Packet Drink - Milk Tea (Original),Per Serving (250ml),105kcal,0.0g,1.5g,1.8g,1.3g,,20.8g,,,53mg,,,,,,,,,,,,19.0g,,,,,,,,,,,,,,,,,,,,,,,,,,,,,,,,,,,,,,,,,,,,,,,,,,,,,,,,,,,,,,,,,,,,,,,,,,,,,,,,,,,
6 x 250ml,Yeo's Packet Drink - Soy Bean Milk,Per Serving (100ml),50kcal,0g,2g,1.2g,0g,,7.9g,7.7g,,0g,,,,,,,,,,,,,,,,,,,,,,,,,,,,,,,,,,,,,,,,,,,,,,,,,,,,,,,,,,,,,,,,,,,,,,,,,,,,,,,,,,,,,,,,,,,,,,,
4 x 320ml,A&W Can Drink - Sarsaparilla Root Beer,Per Serving (100ml),50kcal,,0g,,,,12.4g,12.4g,,7mg,,,,,,,,,,,,,,,,,,,,,,,,,,,,,,,,,,,,,,,,,,,,,,,,,,,,,,,,,,,,,,,,,,,,,,,,,,,,,,,,,,,,,,,,,,,,,,,
1.25kg,Milo Chocolate Malt Drink Powder with Milk - Australian Recipe,Per Serving (25g),105kcal / 440kJ,,3.25g,,,,17.57g,11.6g,1g,27mg,114.75mg,7mg,,0.35mg,,,,,,,,,,,,131.25mcg,0.46mg,,,,,,,,,,,,,,,,,,,,,,,,,,,,,,,,,,,,,,,,,,,,,,,,,,,,,,,,,,,,,,,,,,,,,,,,,,,,,,
1.5L,A&W Bottle Drink - Sarsaparilla Root Beer,Per Serving (100ml),50kcal,,0g,0g,,,12.4g,12.4g,,7mg,,,,,,,,,,,,,,,,,,,,,,,,,,,,,,,,,,,,,,,,,,,,,,,,,,,,,,,,,,,,,,,,,,,,,,,,,,,,,,,,,,,,,,,,,,,,,,,
1.5L,Pokka Bottle Drink - Japanese Roasted Tea Houjicha,Per Serving,,,,,,,,,,20mg,,,,,,,,,,,,,,,,,,,,,,,,,,,,,,,,,,,,,,,,,,,,,,,,,,,,,,,,,,,,,,,,,,,,,,,,,,,,,,,,,,,,,,,,,,,,,,,
6 x 300ml,Jia Jia Herbal Tea Can Drink - Less Sugar,Per Serving (300ml),68kcal,0g,0.3g,0g,0g,0mg,16.8g,16.2g,0g,25.2mg,5.7mg,,0.3mg,,,,,,,,,,,,,,,,,,,,,,,,,,,,,,,,,,,,,,,,,,,,,,,,,,,,,,,,,,,,,,,,,,,,,,,,,,,,,,,,,,,,,,,,,,,,
1.5L,F&N Flavoured Bottle Drink - Cool Ice Cream Soda ,Per Serving (250ml),185kJ,,0g,0g,0g,,11g,0g,,0g,,,,,,,,,,,,,,,,,,,,,,,,,,,,,,,,,,,,,,,,,,,,,,,,,,,,,,,,,,,,,,,,,,,,,,,,,,,,,,,,,,,,,,,,,,,,,,,
6 x 250ml,Pokka Packet Drink - Natsbee Honey Yuzu,Per Serving (250ml),90kcal,,0.0g,0.0g,0.0g,,22.3g,,,33mg,,,7.5mg,,,,,,,,,20.0g,,,,,,,,,,,,,,,,,,,,,,,,,,,,,,,,,,,,,,,,,,,,,,,,,,,,,,,,,,,,,,,,,,,,,,,,,,,,,,,,,,,
24 x 250ml (CTN),Vitasoy Soya Bean Packet Drink,Per Serving (250ml),110kcal,0g,3g,2.8g,0.5g,0mg,18.3g,17.5g,0.8g,43mg,150mg,,,,,,,,,,,,,,,,,,,,,,,,,,,,0g,,,,,,,,,,,,,,,,,,,,,,,,,,,,,,,,,,,,,,,,,,,,,,,,,,,,,,,,,,,,,,,,,,
1.5L,Pokka Premium Bottle Drink - Straight Red Tea,Per Serving (250ml),58kcal,0g,0g,0g,0g,0mg,14.5g,14.5g,0g,15mg,,,,,,,,,,,10mg,,,,,,,,,,,,,,,,,,,,,,,,,,,,,,,,,,,,,,,,,,,,,,,,,,,,,,,,,,,,,,,,,,,,,,,,,,,,,,,,,,,,
12 x 320ml (CTN),Coca-Cola Can Drink - Vanilla,Per Serving (100ml),19kcal,,0g,0g,,,4.6g,4.6g,,2mg,,,,,,,,,,,,,,,,,,,,,,,,,,,,,,,,,,,,,,,,,,,,,,,,,,,,,,,,,,,,,,,,,,,,,,,,,,,,,,,,,,,,,,,,,,,,,,,
12 x 320ml (CTN),Coca-Cola Can Drink - Vanilla,Per Serving (100ml),19kcal,,0g,0g,,,4.6g,4.6g,,2mg,,,,,,,,,,,,,,,,,,,,,,,,,,,,,,,,,,,,,,,,,,,,,,,,,,,,,,,,,,,,,,,,,,,,,,,,,,,,,,,,,,,,,,,,,,,,,,,
1.5L,Coca-Cola Bottle Drink - Zero Sugar,Per Serving (100ml),0kcal,,0g,0g,,,0g,0g,,8mg,,,,,,,,,,,,,,,,,,,,,,,,,,,,,,,,,,,,,,,,,,,,,,,,,,,,,,,,,,,,,,,,,,,,,,,,,,,,,,,,,,,,,,,,,,,,,,,
24 x 325ml (CTN),F&N Can Drink - Soda Water (Slim),Per Serving (325ml),0kcal,,0g,0g,,,0g,0g,,,,,,,,,,,,,,,,,,,,,,,,,,,,,,,,,,,,,,,,,,,,,,,,,,,,,,,,,,,,,,,,,,,,,,,,,,,,,,,,,,,,,,,,,,,,,,,,,
1.5L,Fanta Bottle Drink - Orange,Per Serving (320ml),61kcal,,0g,,,,14.7g,,,10mg,,,,,,,,,,,,,,14.7g,,,,,,,,,,,,,,,,0g,,,,,,,,,,,,,,,,,,,,,,,,,,,,,,,,,,,,,,,,,,,,,,,,,,,,,,,,,,,,,,,,,
1.5L,Fanta Bottle Drink - Grape,Per Serving (320ml),61kcal,,0g,,,,14.7g,,,13mg,,,,,,,,,,,,,,14.7g,,,,,,,,,,,,,,,,0g,,,,,,,,,,,,,,,,,,,,,,,,,,,,,,,,,,,,,,,,,,,,,,,,,,,,,,,,,,,,,,,,,
6 x 250ml,Pokka Packet Drink - Peach Tea,Per Serving (250ml),90kcal,,0.0g,0.0g,0.0g,,22.5g,,,13mg,,,,,,,,,,,10mg,,,22.5g,,,,,,,,,,,,,,,,,,,,,,,,,,,,,,,,,,,,,,,,,,,,,,,,,,,,,,,,,,,,,,,,,,,,,,,,,,,,,,,,,
24 x 250ml (CTN),Marigold Packet Drink - Jasmine Green Tea,Per Serving (250g),50kcal,0g,0g,0g,0g,0g,12.5g,,0g,15mg,,,,,,,,,,,,,,12.3g,,,,,,,,,,,,,,,,,75mg,,,,,,,,,,,,,,,,,,,,,,,,,,,,,,,,,,,,,,,,,,,,,,,,,,,,,,,,,,,,,,,,
6 x 250ml,Yeo's Justea Packet Drink - White Grape Green Tea,Per Serving (250ml),130kcal,,0g,0g,,,32.5g,,,,,,,,,,,,,,,,,,,,,,,,,,,,,,,,,,,,,,,,,,,,,,,,,,,,,,,,,,,,,,,,,,,,,,,,,,,,,,,,,,,,,,,,,,,,,,,,,,
6 x 250ml,Marigold Packet Fruit Drink - Mango,Per Serving (250ml),112kcal,,0g,0g,,,28g,23g,,,,,30mg,,,,,,,,,,,,,,,,,,,,,,,,,,,,,,,,,,,,,,,,,,,,,,,,,,,,,,,,,,,,,,,,,,,,,,,,,,,,,,,,,,,,,,,,,,,,
1L,Life Oolong Tea Bottle Drink - No Sugar,Per Serving (250ml),0kcal,0g,0g,0g,0g,0mg,0g,0g,0g,0mg,,,,,,,,,,,,,,,,,,,,,,,,,,,,,,,,0g,,,,,,,,,,,,,,,,,,,,,,,,,,,,,,,,,,,,,,,,,,,,,,,,,,,,,,,,,,,,,,,
24 x 250ml (CTN),Pokka Packet Drink - Ice Peach Tea,Per Serving (250ml),90kcal,,0.0g,0.0g,0.0g,,22.5g,,,13mg,,,,,,,,,,,10mg,,,22.5g,,,,,,,,,,,,,,,,,,,,,,,,,,,,,,,,,,,,,,,,,,,,,,,,,,,,,,,,,,,,,,,,,,,,,,,,,,,,,,,,,
20 x 18g,Gold Kili Instant Red Date Tea Drink - Longans Honey,Per Serving (18g),,0g,0.1g,0g,0g,0mg,17.6g,17.6g,0g,0.7mg,0.1%,,,,10.8mg,,,,,,,,,,,,,,,,,,,,,,,,,,,,71kcal,0kcal,,,,,,,,,,,,,,,,,,,,,,,,,,,,,,,,,,,,,,,,,,,,,,,,,,,,,,,,,,,,,
1.5L,Pokka Bottle Drink - Kiyo Kyoho Grape,Per Serving (100ml),43kcal,,0.0g,0.0g,0.0g,,10.8g,,,,,,3mg,,,,,,,,,10.7g,,,,63mcg,,,0.85mg,,,,,,,,,,,,,,,,1.35mg,0.21mcg,,,,,,,,,,,,,,,,,,,,,,,,,,,,,,,,,,,,,,,,,,,,,,,,,,,,,,,,,,,
1.48L,Yeo's Bottle Drink - Winter Melon Tea,Per Serving (500ml),140kcal,,0g,0g,,0mg,35g,,0g,0mg,,,,,,,,,,,,,,,,,,,,,,,,,,,,,,,,,,,,,,,,,,,,,,,,,,,,,,,,,,,,,,,,,,,,,,,,,,,,,,,,,,,,,,,,,,,,,,,
1.5L,Yeo's Bottle Drink - Chrysanthemum Tea,Per Serving (500ml),140kcal,,0g,0g,,0mg,35g,,0g,0mg,,,,,,,,,,,,,,,,,,,,,,,,,,,,,,,,,,,,,,,,,,,,,,,,,,,,,,,,,,,,,,,,,,,,,,,,,,,,,,,,,,,,,,,,,,,,,,,
6 x 2L (CTN),Pocari Sweat Isotonic Bottle Drink,Per Serving (250ml),60kcal,0.0g,0.0g,0.0g,0.0g,0mg,14.8g,,0.0g,107mg,,,,,,,,,,,,14.8g,,,,,,,,,,,,,,,,,,,,,,,,,,,,,,,,,,,,,,,,,,,,,,,,,,,,,,,,,,,,,,,,,,,,,,,,,,,,,,,,,,,
6 x 300ml,Jia Jia Herbal Tea Can Drink - Heritage,Per Serving (250ml),70kcal,0g,0g,0g,0g,0mg,17.5g,17.5g,0g,< 5mg,,,,,,,,,,,,,,,,,,,,,,,,,,,,,,,,,,,,,,,,,,,,,,,,,,,,,,,,,,,,,,,,,,,,,,,,,,,,,,,,,,,,,,,,,,,,,,,
1L,Yeo's Packet Drink - Soy Bean Milk,Per Serving (100ml),50kcal,,2g,1.1g,,,8.1g,,,0mg,,,,,,,,,,,,,,,,,,,,,,,,,,,,,,,,,,,,,,,,,,,,,,,,,,,,,,,,,,,,,,,,,,,,,,,,,,,,,,,,,,,,,,,,,,,,,,,
1.25kg,Milo Instant Chocolate Malt Drink Powder - Regular,Per Serving (20g),350kJ,,2.4g,2g,1.3g,,12.9g,9.3g,1.5g,18mg,160mg,6mg,19mg,0.3mg,,,,,,,,,,,,110mcg,0.5mg,,,,,,,,,,,,,,,,,,,,36mg,,,,,,,,,,,,,,,,,,,,,,,,,,,,,,,,,,,,,,,,,,,,,,,,,,,,,,,,,,
500ml,Milo Chocolate Malt Milk Bottle Drink - Iced Energy,Per Serving,145kcal,0g,3.8g,3.8g,2g,3mg,22.5g,,2.5g,75mg,175mg,,,0.8mg,,,,,,,,16.4g,,,,,,2.8mcg,,,,0.8mg,,,,,,,,,,10.5g,,,7.5mg,,,,,,,,,,,,,,,,,,,,,,,,,,,,,,,,,,,,,,,,,,,,,,,,,,,,,,,,,,,,
1.5L,F&N Flavoured Bottle Drink - Cheeky Cherryade,Per Serving (250ml),185kJ,,0g,0g,0g,,10.9g,0g,,0g,,,,,,,,,,,,,,,,,,,,,,,,,,,,,,,,,,,,,,,,,,,,,,,,,,,,,,,,,,,,,,,,,,,,,,,,,,,,,,,,,,,,,,,,,,,,,,,
1.5L,Fuze Tea Flavoured Tea Bottle Drink - Passionfruit,Per Serving (100ml),43kcal,,0g,0g,,,10.7g,10.7g,,0mg,,,,,,,,,,,,,,,,,,,,,,,,,,,,,,,,,,,,,,,,,,,,,,,,,,,,,,,,,,,,,,,,,,,,,,,,,,,,,,,,,,,,,,,,,,,,,,,
6 x 250ml,Pokka Packet Drink - Ice Blueberry Tea (Less Sugar),Per Serving (100ml),24kcal,0g,0g,0g,0g,0mg,6g,6g,0g,5mg,,,,,,,,,,,4mg,,,,,,,,,,,,,,,,,,,,,,,,,,,,,,,,,,,,,,,,,,,,,,,,,,,,,,,,,,,,,,,,,,,,,,,,,,,,,,,,,,,,
1L,Marigold Packet Drink - Soya Bean (Less Sweet),Per Serving (250ml),143kcal,,3.8g,4g,,,23g,20g,,,,,,,,,,,,,,,,,,,,,,,,,,,,,,,,,,,,,,,,,,,,,,,,,,,,,,,,,,,,,,,,,,,,,,,,,,,,,,,,,,,,,,,,,,,,,,,,,
6 x 250ml,Marigold Packet Drink - Lychee (Less Sweet),Per Serving (250ml),102kcal,,0g,0g,,,25.5g,22.8g,,,,,,,,,,,,,,,,,,,,,,,,,,,,,,,,,,,,,,,,,,,,,,,,,,,,,,,,,,,,,,,,,,,,,,,,,,,,,,,,,,,,,,,,,,,,,,,,,
6 x 250ml,Marigold Packet Drink - Ice Lemon Tea (Less Sweet),Per Serving (100ml),65kcal,,1.8g,1.3g,,,11.5g,9.6g,,,,,,,,,,,,,,,,,,,,,,,,,,,,,,,,,,,,,,,,,,,,,,,,,,,,,,,,,,,,,,,,,,,,,,,,,,,,,,,,,,,,,,,,,,,,,,,,,
6 x 240ml,Milo Chocolate Malt Can Drink - Original,Per Serving (240ml),149kcal/624kJ,,4.8g,3.84g,,,24g,16.6g,,79.2mg,144mg,,12mg,,,,,,,,,,,,,,,,,,,0.48mg,,,,,,,,,,,,,,,55.2mg,0.26mg,0.31mg,3.36mg,,,,,,,,,,,,,,,,,,,,,,,,,,,,,,,,,,,,,,,,,,,,,,,,,,,,,,,
4 x 375ml,Bundaberg Bottle Drink - Root Beer,Per Serving (375ml),189kcal,,< 1g,< 1g,< 1g,,46.5g,46.5g,,45mg,,,,,,,,,,,,,,,,,,,,,,,,,,,,,,,,,,,,,,,,,,,,,,,,,,,,,,,,,,,,,,,,,,,,,,,,,,,,,,,,,,,,,,,,,,,,,,,
1.5L,Pokka Natsbee Bottle Drink - Honey Yuzu,Per Serving (250ml),90kcal,,0.0g,0.0g,0.0g,,22.3g,,,33mg,,,6.3mg,,,,,,,,,20.0g,,,,,,,,,,,,,,,,,,,,,,,,,,,,,,,,,,,,,,,,,,,,,,,,,,,,,,,,,,,,,,,,,,,,,,,,,,,,,,,,,,,
1.5L,Coca-Cola Bottle Drink - Vanilla,Per Serving (100ml),19kcal,,0g,0g,,,4.6g,4.6g,,2mg,,,,,,,,,,,,,,,,,,,,,,,,,,,,,,,,,,,,,,,,,,,,,,,,,,,,,,,,,,,,,,,,,,,,,,,,,,,,,,,,,,,,,,,,,,,,,,,
1L,Yeo's Packet Drink - Black Soy Milk,Per Serving (100ml),50kcal,0g,2.2g,1.3g,0g,,7.4g,7.1g,,33mg,,,,,,,,,,,,,,,,,,,,,,,,,,,,,,,,,,,,,,,,,,,,,,,,,,,,,,,,,,,,,,,,,,,,,,,,,,,,,,,,,,,,,,,,,,,,,,,
1.5L,Pokka Bottle Drink - Natsbee Honey Lemon ,Per Serving (100ml),34kcal,,0g,0g,0g,,8.6g,,,11mg,,,3mg,,,,,,,,,8.0g,,,,,,,,,,,,,,,,,,,,,,,,,,,,,,,,,,,,,,,,,,,,,,,,,,,,,,,,,,,,,,,,,,,,,,,,,,,,,,,,,,,
1.5L,F&N Flavoured Bottle Drink - Outrageous Orange,Per Serving (250ml),50kcal,,0g,0g,,,12.3g,,,13mg,,,,,,,,,,,,12.3g,,,,,,,,,,,,,,,,,,,,,,,,,,,,,,,,,,,,,,,,,,,,,,,,,,,,,,,,,,,,,,,,,,,,,,,,,,,,,,,,,,,
12 x 40g,Lao Qian Instant Drink - Milk Tea ,Per Serving (40g),193.2kcal,0.1g,1g,8.0g,6.2g,,29.6g,20.0g,,98mg,,,,,,,,,,,,,,,,,,,,,,,,,,,,,,,,,,,,,,,,,,,,,,,,,,,,,,,,,,,,,,,,,,,,,,,,,,,,,,,,,,,,,,,,,,,,,,,
16 x 12.5g,Nescafe Dolce Gusto Beverage Capsules - Cappuccino,Per Serving (240ml),110kcal,0.1g,4.8g,4.5g,2.8g,15.2mg,12.2g,11.7g,0.5g,62mg,,,,,,,,,,,,,,,,,,,,,,,,,,,,,,,,,,,,,,,,,,,,,,,,,,,,,,,,,,,,,,,,,,,,,,,,,,,,,,,,,,,,,,,,,,,,,,,
1.5L,F&N Flavoured Bottle Drink - Groovy Grape,Per Serving (250ml),185kJ,,0g,0g,0g,,10.9g,0g,,0g,,,,,,,,,,,,,,,,,,,,,,,,,,,,,,,,,,,,,,,,,,,,,,,,,,,,,,,,,,,,,,,,,,,,,,,,,,,,,,,,,,,,,,,,,,,,,,,
16 x 10g,Nescafe Dolce Gusto Beverage Capsules - Grande Intenso,Per Serving (10g),2kcal,0g,0.1g,0g,0g,,0g,0.2g,0g,3mg,,,,,,,,,,,,,,,,,,,,,,,,,,,,,,,,,,,,,,,,,,,,,,,,,,,,,,,,,,,,,,,,,,,,,,,,,,,,,,,,,,,,,,,,,,,,,,,
6 x 240ml,Pokka Coffee Can Drink - Milk Coffee (Less Sugar),Per Serving,106kcal,,2.4g,,,,22.1g,19.4g,,86mg,,,,,,,,,,,,,,,,,,,,,,,,,,,,,,,,,,,,,,,,,,,,,,,,,,,,,,,,,,,,,,,,,,,,,,,,,,,,,,,,,,,,,,,,,,,,,,,
20 x 30g,Ovaltine 3 in 1 Instant Malt Drink Sachets - Chocolate,Per Serving (30g),121kcal,,1.2g,1.9g,0g,,24.8g,,0.7g,,352.5mg,2.8mg,11.9mg,0.3mg,,,,,,,,,,,2.7mg,183.3mcg,0.2mg,0.5mcg,,,,0.3mg,67.7mcg,0.5mcg,,,,,,,,,,,,,,,,,,,,,,,,,,,,,,,,,,,,,,,,,,,,,,,,,,,,,,,,,,,,,,,,,,,,,,,
12 x 300ml (CTN),Pokka Can Drink - Ice Lemon Tea ,Per Serving (300ml),120kcal,,0.0g,0.0g,0.0g,,30.3g,,,15mg,,,,,,,,,,,12mg,29.4g,,,,,,,,,,,,,,,,,,,,,,,,,,,,,,,,,,,,,,,,,,,,,,,,,,,,,,,,,,,,,,,,,,,,,,,,,,,,,,,,,,,
3 x 250ml,Uni-President Packet Drink - Papaya Milk,Per Serving (250g),148kcal,0.1g,3.8g,4.6g,3.2g,13mg,22.9g,,1.0g,119mg,145mg,,,,,,,,,,,,,,,,,,,,,,,,,,,,,,,,,,,,,,,,,,,,,,,,,,,,,,,,,,,,,,,,,,,,,,,,,,,,,,,,,,,,,,,,,,,,,,
1L,Allswell Bottle Drink - Plum,Per Serving (250ml),80kcal,0g,0g,0g,0g,0mg,21.3g,,0g,450mg,,,,,,,,,,,,,,20.0g,,,,,,,,,,,,,,,,,,,,,,,,,,,,,,,,,,,,,,,,,,,,,,,,,,,,,,,,,,,,,,,,,,,,,,,,,,,,,,,,,
24 x 300ml (CTN),Pokka Can Drink - Oolong Tea (No Sugar Added),Per Serving (300ml),0kcal,0g,0g,0g,0g,0mg,0g,0g,,15mg,,,,,,,,,,,120mg,,,,,,,,,,,,,,,,,,,,,,,,,,,,,,,,,,,,,,,,,,,,,,,,,,,,,,,,,,,,,,,,,,,,,,,,,,,,,,,,,,,,
4 x 375ml,Bundaberg Sparkling Fruit Bottle Drink - Blood Orange,Per Serving (375ml),735kJ,,< 1g,< 1g,< 1g,,43.2g,43.2g,,34mg,,,,,,,,,,,,,,,,,,,,,,,,,,,,,,,,,,,,,,,,,,,,,,,,,,,,,,,,,,,,,,,,,,,,,,,,,,,,,,,,,,,,,,,,,,,,,,,
1L,Allswell Bottle Drink - Starfruit,Per Serving (250ml),,0g,0g,0g,0g,0mg,30g,30g,0g,155mg,0%,0%,5%,,,,,,,,,,,,,0%,,,,,,,,,,,,,,,,,120kcal,0j\kcal,,,,,,,,,,,,,,,,,,,,,,,,,,,,,,,,,,,,,,,,,,,,,,,,,,,,,,,,,,,,,
24 x 250ml (CTN),Pokka Packet Drink - Natsbee Honey Lemon,Per Serving (250ml),95kcal,0g,0g,0g,0g,,23.8g,22.5g,,28mg,,,8mg,,,,,,,,,,,,,,,,,,,,,,,,,,,,,,,,3.38mg,,,,,,,,,,,,,,,,,,,,,,,,,,,,,,,,,,,,,,,,,,,,,,,,,,,,,,,,,,,,
6 x 250ml,Pokka Packet Drink - Guava Juice,Per Serving (250g),120kcal,,0g,0g,,,30g,30g,,15mg,,,20mg,,,,,,,,,,,,,,,,,,,,,,,,,,,,,,,,,,,,,,,,,,,,,,,,,,,,,,,,,,,,,,,,,,,,,,,,,,,,,,,,,,,,,,,,,,,,
820g,Ovaltine Instant Malt Drink Powder - Chocolate,Per Serving (30g),122kcal,,2g,3g,2g,,21g,14g,2g,,212mg,2.6mg,8.1mg,0.4mg,,,,,,,,,,,3.5mg,,0.2mg,0.5mg,,,,0.4mg,17.3mg,0.3mg,,,,,,,,,,,,,,,,,,,,,,,,,,,,,,,,,,,,,,,,,,,,,,,,,,,,,,,,,,,,,,,,,,,,,,,
1L,Ceres 100% Juice Blend Packet Drink - Mango,Per Serving (200ml),410kJ,0g,0g,0g,0g,,24g,24g,0g,5mg,,,90mg,,,,,,,,,,,,,,,,,,,,,,,,,,,,,,,,,,,,,,,,,,,,,,,,,,,,,,,,,,,,,,,,,,,,,,,,,,,,,,,,,,,,,,,,,,,,
1.5L,Minute Maid Pulpy Bottle Juice Drink - Tropical,Per Serving (240ml),108kcal,,0g,0g,,,26.6g,23.3g,,22mg,,,,,,,,,,,,,,,,,,,,,,,,,,,,,,,,,,,,,,,,,,,,,,,,,,,,,,,,,,,,,,,,,,,,,,,,,,,,,,,,,,,,,,,,,,,,,,,
16 x 10g,Nescafe Dolce Gusto Beverage Capsules - Cafe Au Lait Intenso,Per Serving (100g),336kcal,0.9g,19.4g,17.4g,10g,86.5mg,26g,25.7g,11.6g,365mg,,,,,,,,3.6g,0.4g,,,,,,,,,,,,,,,,,,,,,,,,,,,,,,,,,,,,,,,,,,,,,,,,,,,,,,,,,,,,,,,,,,,,,,,,,,,,,,,,,,,,,,
16 x 16g,Nescafe Dolce Gusto Beverage Capsules - Chococino,Per Serving (100g),441kcal,0.61g,14.42g,15.99g,9.59g,59.66mg,55.62g,53.93g,4.62g,159.6mg,,,,,,,,3.68g,0.55g,,,,,,,,,,,,,,,,,,,,,,,,,,,,,,,,,,,,,,,,,,,,,,,,,,,,,,,,,,,,,,,,,,,,,,,,,,,,,,,,,,,,,,
16 x 12g,Nescafe Dolce Gusto Beverage Capsules - Latte Macchiato,Per Serving (220ml),98kcal,0g,4.5g,4.5g,3g,17mg,9.6g,8.3g,0.5g,59.2mg,,,,,,,,,,,,,,,,,,,,,,,,,,,,,,,,,,,,,,,,,,,,,,,,,,,,,,,,,,,,,,,,,,,,,,,,,,,,,,,,,,,,,,,,,,,,,,,
1.5L,F&N Seasons Bottle Drink - Ice Peach Tea,Per Serving (100ml),38kcal,,0.0g,,,,905g,,,,,,,,,,,,,,,,,9.5g,,,,,,,,,,,,,,,,0.0g,,,,,,,,,,,,,,,,,,,,,,,,,,,,,,,,,,,,,,,,,,,,,,,,,,,,,,,,,,,,,,,,,
480ml,Life Bottle Drink - Rock Sugar Starfruit Juice,Per Serving (240ml),113kcal,0g,0g,0g,0g,0mg,28.3g,23g,0g,302mg,,,,,,,,,,,,,,,,,,,,,,,,,,,,,,,,,,,,,,,,,,,,,,,,,,,,,,,,,,,,,,,,,,,,,,,,,,,,,,,,,,,,,,,,,,,,,,,
750g,Milo Instant Chocolate Malt Drink Powder with Milk - Ice Energy,Per Serving (26g),107kcal,,2.9g,2.4g,1.2g,,19.5g,13.6g,0.8g,52mg,150mg,,15.6mg,,,,,,,,,,,,,,,1.3mcg,,,,0.4mg,,0.7mg,,,,,,,,,,,,,,,,,0.3mg,6.5mg,,,,,,,,,,,,,,,,,,,,,,,,,,,,,,,,,,,,,,,,,,,,,,,,,,,,,
400g,Ovaltine Instant Malt Drink Powder - Chocolate,Per Serving (100g),399.41kcal,,9.47g,8.04g,,,72.3g,,3.9g,,,,,,,,,,,,,,,,,,,,,,,,,,,,,,,,,,,,,,,,,,,,,,,,,,,,,,,,,,,,,,,,,,,,,,,,,,,,,,,,,,,,,,,,,,,,,,,,
4 x 375ml,"Bundaberg Sparkling Fruit Bottle Drink - Lemon,Lime&Bitters",Per Serving (375ml),735kJ,,< 1g,< 1g,< 1g,,43.2g,43.2g,,34mg,,,,,,,,,,,,,,,,,,,,,,,,,,,,,,,,,,,,,,,,,,,,,,,,,,,,,,,,,,,,,,,,,,,,,,,,,,,,,,,,,,,,,,,,,,,,,,,
1L,PomeFresh Juice Bottle Drink - Pomegranate,Per Serving (237ml),,0g,0g,0g,0g,0mg,,31g,0g,14mg,,,,,588mg,,,,,,,,,,,,,,,,,,,,,,,,,,,,143kcal,,,,,,,,,,36g,,,,,,,,,,,,,,,,,,,,,,,,,,,,,,,,,,,,,,,,,,,,,,,,,,,,
24 x 250ml (CTN),Pokka Packet Drink - Carrot Fruit Juice ,Per Serving (250g),103kcal,,0g,0g,,,25.8g,24.5g,,12.5mg,,,32.5mg,,,,,,,,,,,,,,,,6.3mg,,,,,,,,,3980mcg,,,,,,,,,,,,,,,,,,,,,,,,,,,,,,,,,,,,,,,,,,,,,,,,,,,,,,,,,,,,,,,,,,,
24 x 250ml (CTN),Pokka Packet Drink - Kiyo Kyoho Grape,Per Serving (100ml),43kcal,,0.0g,0.0g,0.0g,,10.8g,,,,,,15mg,,,,,,,,,10.7g,,,,63mcg,,,0.85mg,,,,,,,,,,,,,,,,1.35mg,0.21mcg,,,,,,,,,,,,,,,,,,,,,,,,,,,,,,,,,,,,,,,,,,,,,,,,,,,,,,,,,,,
240ml,Nescafe Milk Coffee Can Drink - Mocha,Per Serving (240),173kJ,,1.4g,0.7g,,,7.3g,,,,,,,,,,,,,,,,,,,,,,,,,,,,,,,,1.8g,,,,,,,,,,,,,,,4.7g,,,,,,,,,,,,,,,,,,,,,,,,,,,,,,,,,,,,,,,,,,,,,,,,,,,
4 x 375ml,Bundaberg Bottle Drink - Ginger Beer Light,Per Serving (375ml),31kcal,,1g,1g,,,6.4g,4.5g,,42mg,,,,,,,,,,,,,,,,,,,,,,,,,,,,,,,,,,,,,,,,,,,,,,,,,,,,,,,,,,,,,,,,,,,,,,,,,,,,,,,,,,,,,,,,,,,,,,,
24 x 250ml (CTN),Pokka Packet Drink - Mixed Berries & Carrot Juice,Per Serving (250ml),108kcal,,0.0g,0.0g,0.0g,,26.8g,,,13mg,,,8mg,,,,,,,,,,,26.8g,,,,,6.3mg,,,,,,,,,1750mcg,,,,,,,,,,,,,,,,,,,,,,,,,,,,,,,,,,,,,,,,,,,,,,,,,,,,,,,,,,,,,,,,,,,
4 x 320ml,Pepsi Can Drink - No Calorie,Per Serving (100ml),0kcal,,0g,0g,,,0g,0g,,,,,,,,,,,,,,,,,,,,,,,,,,,,,,,,,,,,,,,,,,,,,,,8mg,,,,,,,,,,,,,,,,,,,,,,,,,,,,,,,,,,,,,,,,,,,,,,,,,,
20 x 18g,Gold Kili Instant Ginger Drink - Lemon ,Per Serving (18g),73kcal,0g,0.1g,0.3g,0.2g,,7.4mg,16.1g,17.4g,0mg,0.1%,0.2%,0%,,1.4mg,,,,,,,,,,,0%,,,,,,,,,,,,,,,,,,,,,,,,,,,,,,,,,,,,,,,,,,,,,,,,,,,,,,,,,,,,,,,,,,,,,,,,,,,,,,,
840ml,Sunquick Concentrate Drink - Tropical,Per Serving (100ml),137kcal,,0.0g,0.0g,0.0g,,7.6g,,,,,,9.0mg,,,,,,,,,7.5g,,,,,,,,,,,,,,,,,,,,,,,,,,,,,,,,,,,,,,,,,,,,,,,,,,,,,,,,,,,,,,,,,,,,,,,,,,,,,,,,,,,
4 x 200ml,Fever-Tree Bottle - Tonic Water (Mediterranean),Per Serving,151kJ,,0g,0g,0g,,9g,7.4g,,,,,,,,,,,,,,,,,,,,,,,,,,,,,,,,,,,,,,,,,,,,,,,,0g,,,,,,,,,,,,,,,,,,,,,,,,,,,,,,,,,,,,,,,,,,,,,,,,,
4 x 300ml,Fuze Tea Flavoured Green Tea Can Drink - Jasmine,Per Serving (100ML),22kJ,,0g,0g,0g,0mg,5.5g,,0g,5mg,,,,,0g,,,,,5.5g,,,,,,,,,,,,0g,,0g,,,,,,,,,,,0g,,,,,,,,,,,,15mg,,,,,,,,,,,,,,,,,,,,,,,,,,,,,,,,,,,,,,,,,,,,,,,,
320ml,Sagiko Juice Can Drink - Calamansi,Per Serving (320ml),,0g,0g,0g,0g,,35g,34g,,5mg,,,30%,,,,,,,,,,,,,,,,,,,,,,,,,,,,,,140kcal,,,,,,,,,,,,,,,,,,,,,,,,,,,,,,,,,,,,,,,,,,,,,,,,,,,,,,,,,,,,,,
12 x 1.5L (CTN),100 Plus Isotonic Bottle Drink - Active,Per Serving (250ml),63kcal,,0.0g,0.0g,,,15.5g,,,113mg,,,,,,,,,,,,15.5g,,,,,,,,,,0.5mg,,0.5mcg,,,,,,,,,,,3.5mg,,,,,,,,,,,,,,,,,,,,,,,,,,,,,,,,,,,,,,,,,,,,,,,,,,,,,,,,,,,,
473ml,Snapple Bottle Drink - Kiwi Strawberry,Per Serving (1 Bottle),0g,0g,0g,0g,0g,,46g,45g,,15mg,,,,,,,,,,,,,,,,,,,,,,,,,,,,,,,,,,,,,,,,,,,,,,,,,,,,,,,,,,,,,,,,,,,,,,,,,,,,,,,,,,,,,,,,,,,,,,,
473ml,Snapple Bottle Drink - Grapeade,Per Serving (1 Bottle),0g,0g,0g,0g,0g,,46g,,,10mg,,,,,,,,,,46g,,,,,,,,,,,,,,,,,,,,,,,,,,,,,,,,,,,,,,,,,,,,,,,,,,,,,,,,,,,,,,,,,,,,,,,,,,,,,,,,,,,,,
946ml,Natur-A Organic Fortified Soy Beverage - Unsweetened,Per Serving (250ml),,0g,8g,3.5g,0.5g,0mg,4g,2g,1g,40mg,,,,,330mg,,,0.7g,2g,,,,,,,,,,,,,,,,,,,,,,,,80kcal,,,,,,,,,,,,,,,1.5g,0.3g,,,,,,,,,,,,,,,,,,,,,,,,,,,,,,,,,,,,,,,,,,,,,,
24 x 325ml (CTN),F&N Can Drink - Cheeky Cherryade,Per Serving (325ml),65kcal,,0.0g,0.0g,,,15.9g,15.9g,,26mg,,,,,,,,,,,,,,,,,,,,,,,,,,,,,,,,,,,,,,,,,,,,,,,,,,,,,,,,,,,,,,,,,,,,,,,,,,,,,,,,,,,,,,,,,,,,,,,
350g,Bonchoco Instant Hot Chocolate Drink,Per 100g,389 kcal,0g,8.7g,6.1g,5.1g,7mg,74.8g,69.3g,4.7g,408mg,,,,,,,,,,,,,,,,,,,,,,,,,,,,,,,,,,,,,,,,,,,,,,,,,,,,,,,,,,,,,,,,,,,,,,,,,,,,,,,,,,,,,,,,,,,,,,,
6 x 140ml,YOU-C1000 Vitamin Bottle Drink - Apple,Per Serving (140ml),60kcal,,0.0g,0.0g,0.0g,,14.0g,,,45mg,,,,,,,,,,,,,,14.0g,,,,,,,,,,,,,,,,,,,,,,,,,,,,,,,,,,,,2.0mg,1000mg,,,,,,,,,,,,,,,,,,,,,,,,,,,,,,,,,,,,,,,,,,,,
24 x 250ml (CTN),Red Bull Energy Can Drink - Classic,Per Serving (250ml),166.8kcal,,1g,0g,,0mg,46.5g,40g,,,,,,,,,,,,,,,,,,,,,,,,,,,,,,,,,,,,,,,,,,,,,,,,,,,,,,,,,,,,,,,,,,,,,,,,,,,,,,,,,,,,,,,,,,,,,,,,,
946ml,Natur-A Organic Fortified Soy Beverage - Chocolate,Per Serving (250ml),,0g,7g,6g,1g,0mg,20g,19g,1g,140mg,,,,,380mg,,,2g,2.5g,,,,,,,,,,,,,,,,,,,,,,,,160kcal,,,,,,,,,,,,,,,2g,0.3g,,,,,,,,,,,,,,,,,,,,,,,,,,,,,,,,,,,,,,,,,,,,,,
4 X 250ML,Alchemy & Tonic Grapefruit & Thyme Tonic Water,Per Serving (),142kj,,0g,,,,7.5g,,,,,,,,,,,,,7.5g,,,,,,,,,,,,,,,,,,,,0g,,,,,,,,,,,,,,,,0g,,,,,,,,,,,,,,,,,,,,,,,,,,,,,,,,,,,,,,,,,,,,,,,,,
4 X 250ML,Alchemy & Tonic Hibiscus Pink Lemonade,Per Serving (),32kcal,,0g,,0g,,7.5g,,,4.99mg,,,,,,,,,,,,,,7.5g,,,,,,,,,,,,,,,,0g,,,,,,,,,,,,,,,,,,,,,,100ml,,,,,,,,,,,,,,,,,,,,,,,,,,,,,,,,,,,,,,,,,,,
946ml,Natur-A Organic Fortified Soy Beverage - Vanilla,Per Serving (250ml),,0g,7g,5g,0.5g,0mg,13g,11g,1g,80mg,,,,,270mg,,,2g,2.5g,,,,,,,,,,,,,,,,,,,,,,,,130kcal,,,,,,,,,,,,,,,2g,0.3g,,,,,,,,,,,,,,,,,,,,,,,,,,,,,,,,,,,,,,,,,,,,,,
1 L,Rude Health Ultimate Almond Drink,Per Serving (null),157kj,,1.5g,,,,,,,,,,,,,,,,,,,,,,,,,,,,,,,,,,,,,3.2g,,,,,,,,,,,,,,,,0g,,,,,,,0.8g,0.8g,,,,,,,,,,,,,,,,,,,,,,,,,,,,,,,,,,,,,,,,,
12 x 1.5L (CTN),Fanta Bottle Drink - Strawberry,Per Serving (320ml),61kcal,,0g,,,,14.7g,,,10mg,,,,,,,,,,,,,,14.7g,,,,,,,,,,,,,,,,0g,,,,,,,,,,,,,,,,,,,,,,,,,,,,,,,,,,,,,,,,,,,,,,,,,,,,,,,,,,,,,,,,,
1 L,Del Monte Four Seasons Juice Drink Tetra,Per Serving (),,,0g,,,0mg,,18g,,5mg,,,,,,,,,,,,,,,,,,,,,,,,,,,,,,0g,,,70kcal,,,,,,,,,,,,,,,,,,,,19g,,0g,,,,,,,,,,,,,,,,,,,,,,,,,,,,,,,,,,,,,,,,
1 L,Rude Health Organic Brown Rice Drink,Per Serving (null),257kj,,0.1g,,,,,,,,,,,,,,,,,,,,,,,,,,,,,,,,,,,,,1.4g,,,,,,,,,,,,,,,,0.1g,,,,,,,11.9g,0.2g,,,,,,,,,,,,,,,,,,,,,,,,,,,,,,,,,,,,,,,,,
15 x 25g,MaxTea Instant Drink - Tarikk with Ginger,Per Serving (25g),105kcal,0g,0.9g,2.4g,2.1g,0mg,20.7g,13.5g,1g,15mg,,,,,,,,,,,,,,,,,,,,,,,,,,,,,,,,,,,,,,,,,,,,,,,,,,,,,,,,,,,,,,,,,,,,,,,,,,,,,,,,,,,,,,,,,,,,,,,
4 x 200ml,Schweppes Carbonated Bottle Drink - Indian Tonic Water,Per Serving,42kcal,,0g,,,,9.8g,,,,,,,,,,,,,,,,,,,,,,,,,,,,,,,,,0g,,,,,,,,,,,,,,,,0g,,,,,,,,,,,,,,,,,,,,,,,,,,,,,,,,,,,,,,,,,,,,,,,,,
24 x 500ml (CTN),Pokka Bottle Drink - Ice Lemon Tea,Per Serving (250ml),100kcal,,0.0g,0.0g,0.0g,,25.0g,,,13mg,,,,,,,,,,,10mg,24.3g,,,,,,,,,,,,,,,,,,,,,,,,,,,,,,,,,,,,,,,,,,,,,,,,,,,,,,,,,,,,,,,,,,,,,,,,,,,,,,,,,,,
24 x 500ml (CTN),Pokka Premium Bottle Drink - Milk Tea (Original),Per Serving (250ml),105kcal,0.0g,1.5g,1.8g,1.3g,,20.8g,19.0g,,53mg,,,,,,,,,,,,,,,,,,,,,,,,,,,,,,,,,,,,,,,,,,,,,,,,,,,,,,,,,,,,,,,,,,,,,,,,,,,,,,,,,,,,,,,,,,,,,,,
180g,Weider Multi Vitamin Jelly Packet Drink - Passion Fruit,Per Serving (180g),70kcal,,0g,0g,0g,,17.6g,15.5g,0g,70mg,,,,,,,,,,,,,,,,,,,,,,,,,,,,,,,,,,,,,,,,,,,,,,0g,,,,,,,,,,,,,,,,,,,,,,,,,,,,,,,,,,,,,,,,,,,,,,,,,
6 X 240ML,Milo Activ-Go Original RTD - Can Drink 6pcs,Per Serving (100ml),54kcal,,2.0g,1.5g,,,8.0g,5g,,37mg,75mg,,,,,,,,,,,,,,,,,1.1mg,,,,0.2mg,,,,,,,2.2g,,,,,,,,,,,,,,,1.5g,,,,,,,,,,,,0.4g,0.9g,0.5g,53mg,0.2mg,1.4mg,,,,,,,,,,,,,,,,,,,,,,,,,,,,,,,,,,
24 x 500ml (CTN),Pokka Bottle Drink - Ice Peach Tea,Per Serving (250ml),100kcal,,0.0g,0.0g,0.0g,,25.0g,,,13mg,,,,,,,,,,,10mg,24.3g,,,,,,,,,,,,,,,,,,,,,,,,,,,,,,,,,,,,,,,,,,,,,,,,,,,,,,,,,,,,,,,,,,,,,,,,,,,,,,,,,,,
12 x 1.5L (CTN),Coca-Cola Bottle Drink - Vanilla,Per Serving (100ml),44kcal,,0g,0g,,,11.1g,11.1g,,2mg,,,,,,,,,,,,,,,,,,,,,,,,,,,,,,,,,,,,,,,,,,,,,,,,,,,,,,,,,,,,,,,,,,,,,,,,,,,,,,,,,,,,,,,,,,,,,,,
300 ML,Karma Drinks Organic Sparkling Blackcurrant,Per Serving (0.1g),120kj,,0.1g,,,,6.8g,6.1g,,0.6mg,,,,,,,,,,,,,,,,,,,,,,,,,,,,,,0g,,,,,,,,,,,,,,,,,,,,,,,,,,,,,,,,,,,,,,,,,,,,,,,,,,,,,,,,,,,,,,,,,
1000 ML,Kirei Kochi Ice Sweetened Yuzu Drink Concentrate,Per Serving (100ml),,,0.2g,,,,,0g,,,,,,,,,,,,,,,,,,,,,,,,,,,,,,,,,,,,,,,,,,,,,,,,,,,,,,,,,,,,,,,,0.2g,,,,,,,,,,,,,,,,,,,,,,,,,,,,,,,,,
12 x 1.5L (CTN),F&N Flavoured Bottle Drink - Sarsi,Per Serving (250ml),202kJ,,0g,0g,0g,,11.9g,0g,,0g,,,,,,,,,,,,,,,,,,,,,,,,,,,,,,,,,,,,,,,,,,,,,,,,,,,,,,,,,,,,,,,,,,,,,,,,,,,,,,,,,,,,,,,,,,,,,,,
4 X 250ML,Alchemy & Tonic Indian Tonic Water,Per Serving (),134kj,,0g,,,,7g,,,,,,,,,,,,,7g,,,,,,,,,,,,,,,,,,,,0g,,,,,,,,,,,,,,,,0g,,,,,,,,,,,,,,,,,,,,,,,,,,,,,,,,,,,,,,,,,,,,,,,,,
1 L,Rude Health Barista Coconut Drink,Per Serving (100),225kj,,0.8g,,,,7g,,,,,,,,,,,,,,,,,,,,,,,,,,,,,,,,,,,,,,,,,,,,,,,,,0.1g,,,,,,,,,0.9g,,,,,,,2.3g,,,,,,,,,,,,,,,,,,,,,,,,,,,,,,,,,
48 x 250ml CTN),Vitasoy Soya Bean Packet Drink - Chocolate,Per Serving (250ml),,0g,3g,3.5g,1g,0mg,,22.0g,,130mg,,,,,,,,,,,,,,,,,,,,,,,,,,,,,,,,,160cal,,,,,,,,,,,,,,,,,,,,,,,,,,,,,,29.0g,,,,,,,,,,,,,,,,,,,,,,,,,,,,,,,,
,Drink Almighty Sparkling Water - Peach and Ginger 330ML X 6,Per Serving (),16kj,,0g,0g,,,0g,0g,,69mg,,,,,,,,,,,,,,,,,,,,,,,,,,,,,,,,,,,,,,,,,,,,,,,,,,,,,,,,,,,,,,,,,,,,,,,,,,,,,,,,,,,,,,,,,,,,,,,
1 L,Rude Health Organic Soya Drink,Per Serving (null),165kj,,3.6g,,,,,,,,,,,,,,,,,,,,,,,,,,,,,,,,,,,,,2g,,,,,,,,,,,,,,,,0.05g,,,,,,,1.6g,0.3g,,,,,,,,,,,,,,,,,,,,,,,,,,,,,,,,,,,,,,,,,
15 x 500ml (CTN),Wong Lo Kat Bottle Drink - Herbal Tea,Per Serving (100ml),141kJ,,Less than 1g,Less than 1g,Less than 1g,,,8.3g,,0mg,,,,,,,,,,,,,,,,,,,,,,,,,,,,,,,,,,,,,,,,,,,8.3g,,,,,,,,,,,,,,,,,,,,,,,,,,,,,,,,,,,,,,,,,,,,,,,,,,,,
1 L,Marks & Spencer Plant Kitchen Unsweetened Almond Drink,Per Serving (),14kcal,,0.5g,,0.21g,,0.8g,,,,,,,,,,,,,0.2g,,,,,,,,,,,,,,,,,,,,0.9g,,,,,,,,,,,,,,,,0.10g,,,,,,,,0.5g,,,,,,,,,,,,,,,,,,,,,,,,,,,,,,,,,,,,,,,,,
1 L,Marks & Spencer Plant Kitchen Coconut Drink,Per Serving (0.2g),119kj,,0.2g,,1.7g,,2.2g,,,,,,,,,,,,,2g,,,,,,,,,,,,,,,,,,,,1.9g,,,,,,,,,,,,,,,,0.08g,,,,,,,,1g,,,,,,,,,,,,,,,,,,,,,,,,,,,,,,,,,,,,,,,,,
1 L,Rude Health Organic Oat Drink,Per Serving (null),181kj,,0.8g,,,,,,,,,,,,,,,,,,,,,,,,,,,,,,,,,,,,,1.6g,,,,,,,,,,,,,,,,0.1g,,,,,,,6.1g,0.3g,,,,,,,,,,,,,,,,,,,,,,,,,,,,,,,,,,,,,,,,,
4 x 125ml,Nutricia Souvenaid Bottle Drink - Vanilla,Per Serving (125g),125kcal,,3.1g,5.4g,,,15.4g,,0.7g,125mg,100mg,2mg,80mg,,125mg,145mg,,,,,,,,,,200?g,,1?g,40mg,,,1mg,400?g,3?g,5?g,,1.5mg,,,,,,,,,,25mg,,,,,,,,,,,,1500mg,,,,,,,,,,,,,,,87.5mg,7.7?g,400mg,0.4mg,0.2mg,20?g,,,,,,,,,,,,,,,,,,,,,,,,,,
2 X 500ML,Hung Fook Tong Cha Dian Xia SCF and Honey Drink[Bundle of 2],Per Serving (100),,,0g,,,,,5.7g,,,,,,,,,,,,,,,,,,,,,,,,,,,,,,,,,,,,,,,,,,,,,,,,,,,,,,100ml,,,,,,,,,,0g,,,,,,,,,,,,,,,,,,,,,,,,,,,,,,,,,
1 L,Marks & Spencer Apple & Rhubarb Juice Drink,Per Serving (),40kcal,,0.2g,,0.1g,,9.2g,,,,,,,,,,,,,9.2g,,,,,,,,,,,,,,,,,,,,0.1g,,,,,,,,,,,,,,,,0.01g,,,,,,,,0.5g,,,,,,,,,,,,,,,,,,,,,,,,,,,,,,,,,,,,,,,,,
24 X 250ML,Alchemy & Tonic Indian Tonic Water,Per Serving (),134kj,,0g,,,,7g,,,,,,,,,,,,,7g,,,,,,,,,,,,,,,,,,,,0g,,,,,,,,,,,,,,,,0g,,,,,,,,,,,,,,,,,,,,,,,,,,,,,,,,,,,,,,,,,,,,,,,,,
4 X 150ML,East Imperial Grapefruit Soda - Pack of 4 Bottles,Per Serving (),,,0g,,0g,,,,1g,1.75mg,,,,,,,,,,,,12g,,,,,,,,,,,,,,,,,,,,,,,,,,,,,,,,,,,,,,,,,,,,,,,,,,,12g,,,,,,,0g,12g,59kcal,,,,,,,,,,,,,,,,,,,,,,,
6 X 1L,Rude Health Organic Soya Drink,Per Serving (100),165kj,,3.6g,,,,,,,,,,,,,,,,,,,,,,,,,,,,,,,,,,,,,2g,,,,,,,,,,,,,,,,0.05g,,,,,,,1.6g,0.3g,,,,,,,,,,,,,,,,,,,,,,,,,,,,,,,,,,,,,,,,,
6 X 1L,Rude Health Organic Oat Drink,Per Serving (100),181kj,,0.8g,,,,,,,,,,,,,,,,,,,,,,,,,,,,,,,,,,,,,1.6g,,,,,,,,,,,,,,,,0.1g,,,,,,,6.1g,0.3g,,,,,,,,,,,,,,,,,,,,,,,,,,,,,,,,,,,,,,,,,
250 ML,Rude Health Mini Almond Drink,Per Serving (100),237kj,,0.2g,,,,,,,,,,,,,,,,,,,,,,,,,,,,,,,,,,,,,1.5g,,,,,,,,,,,,,,,,0.1g,,,,,,,10.5g,0.2g,,,,,,,,,,,,,,,,,,,,,,,,,,,,,,,,,,,,,,,,,
6 X 1L,Rude Health Ultimate Almond Drink,Per Serving (null),157kj,,1.5g,,,,,,,,,,,,,,,,,,,,,,,,,,,,,,,,,,,,,3.2g,,,,,,,,,,,,,,,,0g,,,,,,,0.8g,0.8g,,,,,,,,,,,,,,,,,,,,,,,,,,,,,,,,,,,,,,,,,
1440 ML,Bifido Just Drink-CAN-Latte 6 x 240ml,Per Serving (100ml),,,1.9g,,,3.0mg,9.6g,7.5g,0.0g,76mg,,,,,,,,,,,,,,,,,,,,,,,,,,,,,2.8g,,,4.7g,64kcal,,,,,,,,,,,,,,,,,,,,,,,,,,,,,2.0g,,,,,,,,,,,100ml,1.4g,0.0g,,,,,,,,,,,,,,,,,,,,
6 X 1L,Rude Health Barista Soya Drink,Per Serving (100),216kj,,3.6g,,,,,,,,,,,,,,,,,,,,,,,,,,,,,,,,,,,,,1.7g,,,,,,,,,,,,,,,,0.1g,,,,,,,5g,1.0g,,,,,,,,,,,,,,,,,,,,,,,,,,,,,,,,,,,,,,,,,
250 ML,Sansu Yuzu & Ginger Soda Drink,Per Serving (),251kj,,0g,,,,,,,,,,,,,,,,,,,,,,,,,,,,,,,,,,,,,0g,,,,,,,,,,,,,,,,0g,,,,,,,15.0g,0g,,,,,,,,,,,,,,,,,,,,,,,,,,,,,,,,,,,,,,,,,
6 X 1L,Rude Health Organic Brown Rice Drink,Per Serving (null),257kj,,0.1g,,,,,,,,,,,,,,,,,,,,,,,,,,,,,,,,,,,,,1.4g,,,,,,,,,,,,,,,,0.1g,,,,,,,11.9g,0.2g,,,,,,,,,,,,,,,,,,,,,,,,,,,,,,,,,,,,,,,,,
1 L,Rude Health Organic Coconut Drink,Per Serving (null),223kj,,0.1g,,,,,,,,,,,,,,,,,,,,,,,,,,,,,,,,,,,,,1.2g,,,,,,,,,,,,,,,,0.1g,,,,,,,10.4g,0.7g,,,,,,,,,,,,,,,,,,,,,,,,,,,,,,,,,,,,,,,,,
12 x 1.5L (CTN),F&N Flavoured Bottle Drink - Ginger Ade,Per Serving (250ml),110kcal,,0g,0g,,,27.8g,27.8g,,,,,,,,,,,,,,,,,,,,,,,,,,,,,,,,,,,,,,,,,,,,,,,,,,,,,,,,,,,,,,,,,,,,,,,,,,,,,,,,,,,,,,,,,,,,,,,,,
,Coffeehock Chocolate Malt Drink 2kg,Per Serving (30),,,2.3g,,,,,,,,,,,,,,,,,5.3g,,,,,,,,,,,,,,,,,,,,,,,,,,,,,,,,,,,,,,,,,,,,,,,,,,,,2.6g,,,,,,,,,,,,,,,,,,,,,,,,,,,,,,,,,
250 ML,Muno Organic Sea Buckthorn + Ginger Juice Drink,Per Serving (100),167kj,,,,,,,6.4g,,0.02g,,,,,,,,,,,,,,,,,,,,,,,,,,,,,,,,,,,,,,,,,,,,,,,,,,,,,7.6g,,0.5g,,,,,,,0.2g,,,,,,,,,,,,,,1.1g,,,,,,,,,,,,,,,,,,,
5760 ML,Bifido Just Drink-CAN-Mandheling  24 x 240ml,Per Serving (100ml),,,1.7g,,,3.2mg,8.4g,6.6g,0.0g,67mg,,,,,,,,,,,,,,,,,,,,,,,,,,,,,1.9g,,,4.7g,58kcal,,,,,,,,,,,,,,,,,,,,,,,,,,,,,1.9g,,,,,,,,,,,100ml,1.3g,0.0g,,,,,,,,,,,,,,,,,,,,
300 ML,Karma Drinks Organic Sparkling Red Grapefruit,Per Serving (0g),123kj,,,,,,7.3g,6.9g,,0.9mg,,,,,,,,,,,,,,,,,,,,,,,,,,,,,,0g,,,,,,,,,,,,,,,,,,,,,,,,,,,,,,,,,,,,,,,,,,,,,,,,,,,,,,,,,,,,,,,,,
15 X 300ML,Karma Drinks Organic Sparkling Blackcurrant,Per Serving (0.1g),120kj,,0.1g,,,,6.8g,6.1g,,0.6mg,,,,,,,,,,,,,,,,,,,,,,,,,,,,,,0g,,,,,,,,,,,,,,,,,,,,,,,,,,,,,,,,,,,,,,,,,,,,,,,,,,,,,,,,,,,,,,,,,
250 ML,13 Honey Apple Lemon Drink,Per Serving (),108kcal,,,,,,,,,,,,,,,,,,,,,,,,,,,,,,,,,,,,,,,,,,,,,,,,,,,,,,,,,,,,,,27g,,,,,,,,,0g,,,,,,,,,,,,,,0g,,,,,,,,,,,,,,,,,,,
250 ML,Sansu Yuzu & Cucumber Soda Drink,Per Serving (),251kj,,0g,,,,,,,,,,,,,,,,,,,,,,,,,,,,,,,,,,,,,0g,,,,,,,,,,,,,,,,0g,,,,,,,15.0g,0g,,,,,,,,,,,,,,,,,,,,,,,,,,,,,,,,,,,,,,,,,
6 X 1L,Rude Health Barista Almond Drink,Per Serving (),243kj,,1.8g,,,,,,,,,,,,,,,,,,,,,,,,,,,,,,,,,,,,,2.1g,,,,,,,,,,,,,,,,0.1g,,,,,,,8g,0.6g,,,,,,,,,,,,,,,,,,,,,,,,,,,,,,,,,,,,,,,,,
6 X 1L,Rude Health Barista Oat Drink,Per Serving (),241kj,,0.7g,,,,,,,,,,,,,,,,,,,,,,,,,,,,,,,,,,,,,2.4g,,,,,,,,,,,,,,,,0.1g,,,,,,,7.8g,0.9g,,,,,,,,,,,,,,,,,,,,,,,,,,,,,,,,,,,,,,,,,
24 x 473ml (CTN),Snapple Bottle Drink - Grapeade,Per Serving (1 Bottle),0g,0g,0g,0g,0g,,46g,,,10mg,,,,,,,,,,46g,,,,,,,,,,,,,,,,,,,,,,,,,,,,,,,,,,,,,,,,,,,,,,,,,,,,,,,,,,,,,,,,,,,,,,,,,,,,,,,,,,,,,
12 x 1.5L (CTN),Life Distilled Drinking Bottle Water,Per 100ml,0kcal,0g,0g,0g,0g,0mg,0g,,0g,0.2mg,,,,,,,,,,,,,,,,,,,,,,,,,,,,,,,,,,,,,,,,,,,,,,,,,,,,,,,,,,,,,,,,,,,,,,,,,,,,,,,,,,,,,,,,,,,,,,,
12 x 1.5L (CTN),F&N Ice Mountain Pure Drinking Bottle Water,Per Serving (100ml),0kcal,,0g,0g,,,0g,,,1mg,,,,,,,,,,,,,,,,,,,,,,,,,,,,,,,,,,,,,,,,,,,,,,,,,,,,,,,,,,,,,,,,,,,,,,,,,,,,,,,,,,,,,,,,,,,,,,,
12 x 1L (CTN),Marigold UHT Packet Milk - Full Cream,Per Serving (200ml),120kcal,,5.8g,6.6g,,,9.4g,,,,200mg,,,,,,,,,,,,,,,300mcg,0.50mg,,,,,,,,,,,,,,,,,,,4mcg,,,,,,,,,,,,,,,,,,,,,,,,,,,,,,,,,,,,,,,,,,,,,,,,,,,,,,,,,,,
12 x 600ml (CTN),F&N Ice Mountain Pure Drinking Bottle Water,Per Serving (100ml),0kj,,0g,0g,,,0g,,,1mg,,,,,,,,,,,,,,,,,,,,,,,,,,,,,,,,,,,,,,,,,,,,,,,,,,,,,,,,,,,,,,,,,,,,,,,,,,,,,,,,,,,,,,,,,,,,,,,
12 x 500ml (CTN),UFC Refresh 100% Natural Coconut Water,Per Serving (250ml),256kJ,,0g,0g,0g,,15.7g,8.6g,0.3g,48mg,36.5mg,,,,535mg,,,,,,,,,,,,,,,,,,,,,,,,,,,,,,,,17.6mg,,,,,,,,,,,,,,,,,,,,,,18.4mg,,,,,,,,,,,,,,,,,,,,,,,,,,,,,,,,,,,,
24 x 330ml (CTN),Evian Natural Mineral Bottle Water,Per Serving (100ml),0KJ,,,0g,,,0g,,,0.65mg,8mg,,,,0.1mg,,,,,,,,,,,,,,,,,,,,,,,,,,,,,,,,2.6mg,,,,,,,,,,,,,,,,,,,,,,,,,,,,,,,,,,,,,,,,36mg,1.4mg,1mg,1.5mg,0.38mg,0.006mg,,,,,,,,,,,,,
12 x 1L (CTN),UFC Refresh 100% Natural Coconut Water,Per Serving (250ml),270kJ,,0g,0g,0g,,15.7g,8.63g,< 1g,48mg,37mg,,,,535mg,,,,,,,,,,,,,,,,,,,,,,,,,,,,,,,,17.6mg,,,,,,,,,,,,,,,,,,,,,,18.4mg,,,,,,,,,,,,,,,,,,,,,,,,0mg,,,,,,,,,,,,
24 x 500ml (CTN),Evian Natural Mineral Bottle Water,Per Serving (100ml),0kJ,,,0.0g,,,0.0g,,,0.65mg,8mg,,,,0.1mg,,,,,,,,,,,,,,,,,,,,,,,,,,,,,,,,2.6mg,,,,,,,,,,,,,,,,,,,,,,,,,,,,,,,,,,,,,,,,36mg,1.4mg,1mg,1.5mg,0.38mg,,,0.006mg,,,,,,,,,,,
12 x 1L (CTN),Dutch Lady UHT Milk - Full Cream (Plain),Per Serving (100ml),64kcal,,2.7g,3.3g,2.5g,,5.9g,,,40mg,130.0mg,,,0.13mg,,,,,,,,,,5.0g,,90.0µg,,,,,,,,0.08µg,,,,,5.0g,,,,,,,1.0µg,,,,,,,,,,,,,,,,,,,,,,,,,,,,,,,,,12.0µg,,,,,,,,,,,,,,,,,,,,,,,,,,
12 x 500ml (CTN),Glaceau XXX Vitamin Bottle Water - Triple Berry,Per Serving (500ml),90kcal,,0g,0g,,,22g,22g,,0mg,,,60mg,,,,,,,,,,,,,,,,,,,1mg,,1µg,,,,,,,,,,,8mg,,,,,,,,,,,,,,,,,,,,,,,,,,,,,,,,,,,,,,,,,,,,,,,,,,15.5mg,41mg,20.5mg,,,,,,,,
24 x 600ml (CTN),Aqua Mountain Spring Bottle Water,Per Serving (600ml - 1 Bottle),0g,0g,0g,0g,0g,,0g,0g,,0mg,,,,,,,,,,,,,,,,,,,,,,,,,,,,,,,,,,,,,,,,,,,,,,,,,,,,,,,,,,,,,,,,,,,,,,,,,,,,,,,,,,,,,,,,,,,,,,,
6 x 500ml (CTN),FIJI Natural Artesian Bottle Water,Per Serving (100ml),0kcal,0g,0g,0g,0g,,0g,0g,,1.8g,1.8mg,,,,0.5mg,0.9mg,,,,,,,,,,,,,,,,,,,,,,,,,,,,,,,1.5mg,,,,,,,,,,,,,,,,,,,,,,,,,,,,,,,,,,,,,,,,15.3mg,,,9.2mg,,,,,,,,0.1mg,7.7,22mg,,,,,
24 x 330ml (CTN),Perrier Sparkling Mineral Bottle Water - Natural,Per Serving (100ml),1.6kJ,0g,0g,0g,0g,,0g,0g,,0.95mg,,,,,,,,,,,,,,,,,,,,,,,,,,,,,,,,,,,,,,,,,,,,,,,,,,,,,,,,,,,,,,,,,,,,,,,,,,,,,,,,,,,,,,,,,,,,,,,
12 x 1.5L (CTN),Authentic Tea House Da Hong Pao No Sugar Oolong Tea,Per Serving (240ml),,,0g,0g,,,0g,0g,,19mg,,,,,,,,,,,,,,,,,,,,,,,,,,,,,,,,,0kcal,,,,,,,,,,,,,,,,,,,,,,,,,,,,,,,,,,,,,,,,,,,,,,,,,,,,,,,,,,,,,,
12 x 500ml,Glaceau Essential Vitamin Bottle Water - Orange,Per Serving (500ml),90kcal,,0g,0g,,,22g,21.5g,,0mg,,,60mg,,,,,,,,,,,,,375µg,,,5mg,,,1mg,100µg,1µg,,,,,,,,,,,8mg,,113mg,,,,,,,,,,,,,,,,,,,,,,,,,,,,,,,,,,,,,,,,,,,,,,,,,,,,,,,,,,
6 x 1L (CTN),Fiji Natural Artesian Water,Per Serving (100ml),0kcal,0g,0g,0g,0g,,0g,0g,,1.8g,1.8mg,,,,0.5mg,0.9mg,,,,,,,,,,,,,,,,,,,,,,,,,,,,,,,1.5mg,,,,,,,,,,,,,,,,,,,,,,,,,,,,,,,,,,,,,,,,15.3mg,,,9.2mg,,,,,,,,0.1mg,7.7,22mg,,,,,
6 X 500ML,Pocari Sweat Ion Supply Bottle 500ml [Bundle of 6],Per Serving (100),,,0g,,,,,5.8g,,,,,,,,,,,,,,,,,,,,,,,,,,,,,,,,,,,,,,,,,,,,,,,,,,,,,,100ml,,,,,,,,,,0g,,,,,,,,,,,,,,,,,,,,,,,,,,,,,,,,,
2 X 500ML,Schweppes Cream Soda Bottle [Bundle of 2],Per Serving (100ml),,,0g,,,,,4.6g,,,,,,,,,,,,,,,,,,,,,,,,,,,,,,,,,,,,,,,,,,,,,,,,,,,,,,,,,,,,,,,,0g,,,,,,,,,,,,,,,,,,,,,,,,,,,,,,,,,
2 X 500ML,Hung Fook Tong Red Bean &Job's Tears Seeds [Bundle of 2],Per Serving (),,,0g,,,,,4.5g,,,,,,,,,,,,,,,,,,,,,,,,,,,,,,,,,,,,,,,,,,,,,,,,,,,,,,100ml,,,,,,,,,,,,,,,,,,,,,,,,,,,,,,,,,,,,,,,0g,,,,
12 x 750ml (CTN),Perrier Sparkling Mineral Bottle Water - Natural,Per Serving (100ml),1.6KJ,0g,0g,0g,0g,,0g,0g,,0.95mg,,,,,,,,,,,,,,,,,,,,,,,,,,,,,,,,,,,,,,,,,,,,,,,,,,,,,,,,,,,,,,,,,,,,,,,,,,,,,,,,,,,,,,,,,,,,,,,
12 x 1L (CTN),Cocomax 100% Coconut Bottle Water,Per Serving (250ml),213kJ,,0.5g,0g,0g,0g,12g,10.8g,0g,20mg,,,,,,,,,,,,,,,,,,,,,,,,,,,,,,,,,,,,,,,,,,,,,,,,,,,,,,,,,,,,,,,,,,,,,,,,,,,,,,,,,,,,,,,,,,,,,,,
500 G,Health Paradise Organic Black Soya Milk Powder,Per Serving (),,0g,8g,4.5g,0.66g,0mg,,,0g,40mg,25.6mg,0.96mg,,,190mg,,,,,,,,,0g,,,,0mcg,,,,,,,,,0.42mg,,,,,,130kcal,,,,26.76mg,,,,,,15g,,,,,,,,,,,,,,,,79.6mg,,,,,,,,,,,,,,,,,,,,,,,,,,,,,,,,,30g,16pax,,
6 X 1L,Minor Figures Barista Oat Milk,Per Serving (),410kJ,,0.4g,,,,19g,9g,,,240mg,,,,,,,,,,,,,,,,,,,,,,,,,,,,,,,,,,,,,,,,,,,,,0.2g,,,,,,,,,,,,,,,,,,,,,,,,4.2g,,,,,,,,,,,,,,,,,,,,,,,,0.4g,
330 ML,Shozu Yuzu & Ume Sparkling Prebiotics,Per Serving (0g),146kj,,0g,,,,7g,,,,,,,,,,,,,,,,,,,,,,,,,,,,,,,,,,,,,,,,,,,,,,,,,0g,,,,,,,,,5g,,,,,,,0g,,,,,,,,,,,,,,,,,,,,,,,,,,,,,,,,,
500 G,Health Paradise Instant Soya Milk Powder (NSA),Per Serving (),,0g,6g,4.5g,0.66g,0mg,,,0g,40mg,18.2mg,0.75mg,,,187mg,,,,,,,,,0g,,,,,,,,0mg,,,,,0.36mg,,,,,,130kcal,,,,25.56mg,,,,,,16g,,,,,,,,,,,,,,,,61.6mg,,,,,,,,,,,,,,,,,,,,,,,,,,,,,,,,,30g,16pax,,0mcg
750 ML,Marks & Spencer Sparkling Sicilian Lemon & British Mint Press,Per Serving (),21kcal,,0.1g,,0.1g,,5.1g,,,,,,,,,,,,,4.3g,,,,,,,,,,,,,,,,,,,,0.1g,,,,,,,,,,,,,,,,0.01g,,,,,,,,0.5g,,,,,,,,,,,,,,,,,,,,,,,,,,,,,,,,,,,,,,,,,
