drink volume,drink name,attributes,quantity,volume,Serving Size_Cleaned,Added_Sugar_combined (g),protein_total (g),Combined Calories from Fat (kcal),Calories (kcal),Total Calories (kcal),Fibre (g),Carbohydrates (g),cholesterol (mg),Sodium Content (mg),trans_fat_combined (g),saturated_fat_combined (g),monounsaturated_fat_combined (g),polyunsaturated_fat_combined (g),Combined_Sugar (g),Combined_Fat (g),nutrigrade
24 x 200ml (ctn),milo chocolate malt milk uht packet drink,per serving,24 , 200ml (ctn),,0.0,1.7,0.0,0.015299999999999998,0.0,0.03,8.0,9500.0,60.0,0.001,0.0,0.0,0.0,0.5,0.9,B
12 x 320ml (ctn),coca-cola can drink - zero sugar,per serving (100ml),12 , 320ml (ctn),100ml,0.0,0.0,0.0,0.0,0.0,0.0,0.0,0.0,8.0,0.0,0.0,0.0,0.0,0.0,0.0,A
6 x 180ml,coca-cola mini can drink - zero sugar,per serving (180ml),6 , 180ml,180ml,0.0,0.0,0.0,0.0,0.0,0.0,0.0,0.0,11.0,0.0,0.0,0.0,0.0,0.0,0.0,A
24 x 325ml (ctn),100 plus isotonic can drink - original,per serving (100ml),24 , 325ml (ctn),100ml,0.0,0.0,0.0,27.0,0.0,0.0,6.8,0.0,48.0,0.0,0.0,0.0,0.0,6.8,0.0,C
24 x 200ml (ctn),ribena blackcurrant fruit packet drink - regular ,per serving (100g),24 , 200ml (ctn),100g,0.0,0.0,0.0,43.0,0.0,0.0,10.6,0.0,0.0,0.0,0.0,0.0,0.0,10.5,0.0,D
6 x 250ml,pokka packet drink - ice lemon tea,per serving (250ml),6 , 250ml,250ml,0.0,0.0,0.0,100.0,0.0,0.0,25.0,0.0,13.000000000000002,0.0,0.0,0.0,0.0,25.0,0.0,D
1.5l,pokka bottle drink - peach tea,per serving (250ml),1,1.5l,250ml,0.0,0.0,0.0,88.0,0.0,0.0,22.0,0.0,8.0,0.0,0.0,0.0,0.0,22.0,0.0,D
24 x 250ml (ctn),pokka packet drink - oolong tea (no sugar added),per serving (250ml),24 , 250ml (ctn),250ml,0.0,0.0,0.0,0.0,0.0,0.0,0.0,0.0,13.000000000000002,0.0,0.0,0.0,0.0,0.0,0.0,A
18 x 27g,milo 3 in 1 instant chocolate malt drink,per serving (27g),18 , 27g,27g,0.0,2.2,0.0,96.0,0.0,1.0,16.4,2.0,76.0,0.0,1.0,0.0,0.0,12.2,2.0,D
1.5l,pokka bottle drink - oolong tea (no sugar added),per serving (250ml),1,1.5l,250ml,0.0,0.0,0.0,0.0,0.0,0.0,0.0,0.0,13.000000000000002,0.0,0.0,0.0,0.0,0.0,0.0,A
24 x 200ml (ctn),ribena blackcurrant fruit drink packet - light,per serving (200ml),24 , 200ml (ctn),200ml,0.0,0.0,0.0,38.0,0.0,0.0,9.4,0.0,20.0,0.0,0.0,0.0,0.0,8.8,0.0,C
4 x 125g,milo chocolate malt uht packet drink - less sugar,per serving,4 , 125g,,0.0,4.6,0.0,108.0,0.0,0.0,16.0,4.0,90.0,0.0,1.6,0.0,0.0,11.8,2.8,D
450g,milo chocolate malt drink powder with milk - australian recipe,per serving (25g),1,450g,25g,0.0,3.25,0.0,105.0,0.0,1.0,17.57,0.0,27.0,0.0,0.0,0.0,0.0,11.6,0.0,D
6 x 250ml,pokka packet drink - chrysanthemum with white tea,per serving (250ml),6 , 250ml,250ml,0.0,0.0,0.0,55.0,0.0,0.0,14.0,0.0,15.0,0.0,0.0,0.0,0.0,14.0,0.0,D
10 x 28g,horlicks 3 in 1 instant malted drink - original,per serving (28g),10 , 28g,28g,0.0,3.1,0.0,107.0,0.0,0.5,21.1,0.0,100.0,0.0,0.0,0.0,0.0,0.0,1.1,B
6 x 250ml,pokka packet drink - carrot juice,per serving (250g),6 , 250ml,250g,0.0,0.0,0.0,103.0,0.0,0.0,25.8,0.0,12.5,0.0,0.0,0.0,0.0,24.5,0.0,D
6 x 250ml,pokka premium packet drink - milk tea (original),per serving (250ml),6 , 250ml,250ml,0.0,1.5,0.0,105.0,0.0,0.0,20.8,0.0,53.0,0.0,1.3,0.0,0.0,19.0,1.8,D
6 x 250ml,yeo's packet drink - soy bean milk,per serving (100ml),6 , 250ml,100ml,0.0,2.0,0.0,50.0,0.0,0.0,7.9,0.0,0.0,0.0,0.0,0.0,0.0,7.7,1.2,C
4 x 320ml,a&w can drink - sarsaparilla root beer,per serving (100ml),4 , 320ml,100ml,0.0,0.0,0.0,50.0,0.0,0.0,12.4,0.0,7.0,0.0,0.0,0.0,0.0,12.4,0.0,D
1.5l,a&w bottle drink - sarsaparilla root beer,per serving (100ml),1,1.5l,100ml,0.0,0.0,0.0,50.0,0.0,0.0,12.4,0.0,7.0,0.0,0.0,0.0,0.0,12.4,0.0,D
1.5l,pokka bottle drink - japanese roasted tea houjicha,per serving,1,1.5l,,0.0,0.0,0.0,0.0,0.0,0.0,0.0,0.0,20.0,0.0,0.0,0.0,0.0,0.0,0.0,A
6 x 300ml,jia jia herbal tea can drink - less sugar,per serving (300ml),6 , 300ml,300ml,0.0,0.3,0.0,68.0,0.0,0.0,16.8,0.0,25.2,0.0,0.0,0.0,0.0,16.2,0.0,D
1.5l,f&n flavoured bottle drink - cool ice cream soda ,per serving (250ml),1,1.5l,250ml,0.0,0.0,0.0,44.0,0.0,0.0,11.0,0.0,0.0,0.0,0.0,0.0,0.0,0.0,0.0,A
6 x 250ml,pokka packet drink - natsbee honey yuzu,per serving (250ml),6 , 250ml,250ml,0.0,0.0,0.0,90.0,0.0,0.0,22.3,0.0,33.0,0.0,0.0,0.0,0.0,20.0,0.0,D
24 x 250ml (ctn),vitasoy soya bean packet drink,per serving (250ml),24 , 250ml (ctn),250ml,0.0,3.0,0.0,110.0,0.0,0.8,18.3,0.0,43.0,0.0,0.5,0.0,0.0,17.5,2.8,D
1.5l,pokka premium bottle drink - straight red tea,per serving (250ml),1,1.5l,250ml,0.0,0.0,0.0,58.0,0.0,0.0,14.5,0.0,15.0,0.0,0.0,0.0,0.0,14.5,0.0,D
12 x 320ml (ctn),coca-cola can drink - vanilla,per serving (100ml),12 , 320ml (ctn),100ml,0.0,0.0,0.0,19.0,0.0,0.0,4.6,0.0,2.0,0.0,0.0,0.0,0.0,4.6,0.0,B
1.5l,coca-cola bottle drink - zero sugar,per serving (100ml),1,1.5l,100ml,0.0,0.0,0.0,0.0,0.0,0.0,0.0,0.0,8.0,0.0,0.0,0.0,0.0,0.0,0.0,A
24 x 325ml (ctn),f&n can drink - soda water (slim),per serving (325ml),24 , 325ml (ctn),325ml,0.0,0.0,0.0,0.0,0.0,0.0,0.0,0.0,0.0,0.0,0.0,0.0,0.0,0.0,0.0,A
1.5l,fanta bottle drink - orange,per serving (320ml),1,1.5l,320ml,0.0,0.0,0.0,61.0,0.0,0.0,14.7,0.0,10.0,0.0,0.0,0.0,0.0,14.7,0.0,D
1.5l,fanta bottle drink - grape,per serving (320ml),1,1.5l,320ml,0.0,0.0,0.0,61.0,0.0,0.0,14.7,0.0,13.000000000000002,0.0,0.0,0.0,0.0,14.7,0.0,D
6 x 250ml,pokka packet drink - peach tea,per serving (250ml),6 , 250ml,250ml,0.0,0.0,0.0,90.0,0.0,0.0,22.5,0.0,13.000000000000002,0.0,0.0,0.0,0.0,22.5,0.0,D
24 x 250ml (ctn),marigold packet drink - jasmine green tea,per serving (250g),24 , 250ml (ctn),250g,0.0,0.0,0.0,50.0,0.0,0.0,12.5,0.0,15.0,0.0,0.0,0.0,0.0,12.3,0.0,D
6 x 250ml,yeo's justea packet drink - white grape green tea,per serving (250ml),6 , 250ml,250ml,0.0,0.0,0.0,130.0,0.0,0.0,32.5,0.0,0.0,0.0,0.0,0.0,0.0,0.0,0.0,A
6 x 250ml,marigold packet fruit drink - mango,per serving (250ml),6 , 250ml,250ml,0.0,0.0,0.0,112.0,0.0,0.0,28.0,0.0,0.0,0.0,0.0,0.0,0.0,23.0,0.0,D
1l,life oolong tea bottle drink - no sugar,per serving (250ml),1,1l,250ml,0.0,0.0,0.0,0.0,0.0,0.0,0.0,0.0,0.0,0.0,0.0,0.0,0.0,0.0,0.0,A
24 x 250ml (ctn),pokka packet drink - ice peach tea,per serving (250ml),24 , 250ml (ctn),250ml,0.0,0.0,0.0,90.0,0.0,0.0,22.5,0.0,13.000000000000002,0.0,0.0,0.0,0.0,22.5,0.0,D
20 x 18g,gold kili instant red date tea drink - longans honey,per serving (18g),20 , 18g,18g,0.0,0.1,0.0,71.0,0.0,0.0,17.6,0.0,0.7,0.0,0.0,0.0,0.0,17.6,0.0,D
1.5l,pokka bottle drink - kiyo kyoho grape,per serving (100ml),1,1.5l,100ml,0.0,0.0,0.0,43.0,0.0,0.0,10.8,0.0,0.0,0.0,0.0,0.0,0.0,10.7,0.0,D
1.48l,yeo's bottle drink - winter melon tea,per serving (500ml),1,1.48l,500ml,0.0,0.0,0.0,140.0,0.0,0.0,35.0,0.0,0.0,0.0,0.0,0.0,0.0,0.0,0.0,A
1.5l,yeo's bottle drink - chrysanthemum tea,per serving (500ml),1,1.5l,500ml,0.0,0.0,0.0,140.0,0.0,0.0,35.0,0.0,0.0,0.0,0.0,0.0,0.0,0.0,0.0,A
6 x 2l (ctn),pocari sweat isotonic bottle drink,per serving (250ml),6 , 2l (ctn),250ml,0.0,0.0,0.0,60.0,0.0,0.0,14.8,0.0,107.0,0.0,0.0,0.0,0.0,14.8,0.0,D
6 x 300ml,jia jia herbal tea can drink - heritage,per serving (250ml),6 , 300ml,250ml,0.0,0.0,0.0,70.0,0.0,0.0,17.5,0.0,5.0,0.0,0.0,0.0,0.0,17.5,0.0,D
1.25kg,milo instant chocolate malt drink powder - regular,per serving (20g),1,1.25kg,20g,0.0,2.4,0.0,83.0,0.0,1.5,12.9,0.0,18.000000000000004,0.0,1.3,0.0,0.0,9.3,2.0,C
500ml,milo chocolate malt milk bottle drink - iced energy,per serving,1,500ml,,10.5,3.8,0.0,145.0,0.0,2.5,22.5,3.0,75.0,0.0,2.0,0.0,0.0,16.4,3.8,D
1.5l,f&n flavoured bottle drink - cheeky cherryade,per serving (250ml),1,1.5l,250ml,0.0,0.0,0.0,44.0,0.0,0.0,10.9,0.0,0.0,0.0,0.0,0.0,0.0,0.0,0.0,A
1.5l,fuze tea flavoured tea bottle drink - passionfruit,per serving (100ml),1,1.5l,100ml,0.0,0.0,0.0,43.0,0.0,0.0,10.7,0.0,0.0,0.0,0.0,0.0,0.0,10.7,0.0,D
6 x 250ml,pokka packet drink - ice blueberry tea (less sugar),per serving (100ml),6 , 250ml,100ml,0.0,0.0,0.0,24.0,0.0,0.0,6.0,0.0,5.0,0.0,0.0,0.0,0.0,6.0,0.0,C
1l,marigold packet drink - soya bean (less sweet),per serving (250ml),1,1l,250ml,0.0,3.8,0.0,143.0,0.0,0.0,23.0,0.0,0.0,0.0,0.0,0.0,0.0,20.0,4.0,D
6 x 250ml,marigold packet drink - lychee (less sweet),per serving (250ml),6 , 250ml,250ml,0.0,0.0,0.0,102.0,0.0,0.0,25.5,0.0,0.0,0.0,0.0,0.0,0.0,22.8,0.0,D
6 x 250ml,marigold packet drink - ice lemon tea (less sweet),per serving (100ml),6 , 250ml,100ml,0.0,1.8,0.0,65.0,0.0,0.0,11.5,0.0,0.0,0.0,0.0,0.0,0.0,9.6,1.3,C
6 x 240ml,milo chocolate malt can drink - original,per serving (240ml),6 , 240ml,240ml,0.0,4.8,0.0,149.0,0.0,0.0,24.0,0.0,79.2,0.0,0.0,0.0,0.0,16.6,3.84,D
4 x 375ml,bundaberg bottle drink - root beer,per serving (375ml),4 , 375ml,375ml,0.0,0.0,0.0,189.0,0.0,0.0,46.5,0.0,45.0,0.0,1.0,0.0,0.0,46.5,1.0,D
1.5l,pokka natsbee bottle drink - honey yuzu,per serving (250ml),1,1.5l,250ml,0.0,0.0,0.0,90.0,0.0,0.0,22.3,0.0,33.0,0.0,0.0,0.0,0.0,20.0,0.0,D
1.5l,coca-cola bottle drink - vanilla,per serving (100ml),1,1.5l,100ml,0.0,0.0,0.0,19.0,0.0,0.0,4.6,0.0,2.0,0.0,0.0,0.0,0.0,4.6,0.0,B
1l,yeo's packet drink - black soy milk,per serving (100ml),1,1l,100ml,0.0,2.2,0.0,50.0,0.0,0.0,7.4,0.0,33.0,0.0,0.0,0.0,0.0,7.1,1.3,C
1.5l,pokka bottle drink - natsbee honey lemon ,per serving (100ml),1,1.5l,100ml,0.0,0.0,0.0,34.0,0.0,0.0,8.6,0.0,11.0,0.0,0.0,0.0,0.0,8.0,0.0,C
1.5l,f&n flavoured bottle drink - outrageous orange,per serving (250ml),1,1.5l,250ml,0.0,0.0,0.0,50.0,0.0,0.0,12.3,0.0,13.000000000000002,0.0,0.0,0.0,0.0,12.3,0.0,D
12 x 40g,lao qian instant drink - milk tea ,per serving (40g),12 , 40g,40g,0.0,1.0,0.0,193.2,0.0,0.0,29.6,0.0,98.0,0.1,6.2,0.0,0.0,20.0,8.0,D
16 x 12.5g,nescafe dolce gusto beverage capsules - cappuccino,per serving (240ml),16 , 12.5g,240ml,0.0,4.8,0.0,110.0,0.0,0.5,12.2,15.2,62.0,0.1,2.8,0.0,0.0,11.7,4.5,D
1.5l,f&n flavoured bottle drink - groovy grape,per serving (250ml),1,1.5l,250ml,0.0,0.0,0.0,44.0,0.0,0.0,10.9,0.0,0.0,0.0,0.0,0.0,0.0,0.0,0.0,A
16 x 10g,nescafe dolce gusto beverage capsules - grande intenso,per serving (10g),16 , 10g,10g,0.0,0.1,0.0,2.0,0.0,0.0,0.0,0.0,3.0,0.0,0.0,0.0,0.0,0.2,0.0,A
6 x 240ml,pokka coffee can drink - milk coffee (less sugar),per serving,6 , 240ml,,0.0,2.4,0.0,106.0,0.0,0.0,22.1,0.0,86.0,0.0,0.0,0.0,0.0,19.4,0.0,D
20 x 30g,ovaltine 3 in 1 instant malt drink sachets - chocolate,per serving (30g),20 , 30g,30g,0.0,1.2,0.0,121.0,0.0,0.7,24.8,0.0,0.0,0.0,0.0,0.0,0.0,0.0,1.9,C
12 x 300ml (ctn),pokka can drink - ice lemon tea ,per serving (300ml),12 , 300ml (ctn),300ml,0.0,0.0,0.0,120.0,0.0,0.0,30.3,0.0,15.0,0.0,0.0,0.0,0.0,29.4,0.0,D
3 x 250ml,uni-president packet drink - papaya milk,per serving (250g),3 , 250ml,250g,0.0,3.8,0.0,148.0,0.0,1.0,22.9,13.000000000000002,119.00000000000001,0.1,3.2,0.0,0.0,0.0,4.6,D
1l,allswell bottle drink - plum,per serving (250ml),1,1l,250ml,0.0,0.0,0.0,80.0,0.0,0.0,21.3,0.0,450.0,0.0,0.0,0.0,0.0,20.0,0.0,D
24 x 300ml (ctn),pokka can drink - oolong tea (no sugar added),per serving (300ml),24 , 300ml (ctn),300ml,0.0,0.0,0.0,0.0,0.0,0.0,0.0,0.0,15.0,0.0,0.0,0.0,0.0,0.0,0.0,A
4 x 375ml,bundaberg sparkling fruit bottle drink - blood orange,per serving (375ml),4 , 375ml,375ml,0.0,0.0,0.0,175.0,0.0,0.0,43.2,0.0,34.0,0.0,1.0,0.0,0.0,43.2,1.0,D
1l,allswell bottle drink - starfruit,per serving (250ml),1,1l,250ml,0.0,0.0,0.0,120.0,0.0,0.0,30.0,0.0,155.0,0.0,0.0,0.0,0.0,30.0,0.0,D
24 x 250ml (ctn),pokka packet drink - natsbee honey lemon,per serving (250ml),24 , 250ml (ctn),250ml,0.0,0.0,0.0,95.0,0.0,0.0,23.8,0.0,28.0,0.0,0.0,0.0,0.0,22.5,0.0,D
6 x 250ml,pokka packet drink - guava juice,per serving (250g),6 , 250ml,250g,0.0,0.0,0.0,120.0,0.0,0.0,30.0,0.0,15.0,0.0,0.0,0.0,0.0,30.0,0.0,D
820g,ovaltine instant malt drink powder - chocolate,per serving (30g),1,820g,30g,0.0,2.0,0.0,122.0,0.0,2.0,21.0,0.0,0.0,0.0,2.0,0.0,0.0,14.0,3.0,D
1l,ceres 100% juice blend packet drink - mango,per serving (200ml),1,1l,200ml,0.0,0.0,0.0,97.0,0.0,0.0,24.0,0.0,5.0,0.0,0.0,0.0,0.0,24.0,0.0,D
1.5l,minute maid pulpy bottle juice drink - tropical,per serving (240ml),1,1.5l,240ml,0.0,0.0,0.0,108.0,0.0,0.0,26.6,0.0,22.0,0.0,0.0,0.0,0.0,23.3,0.0,D
16 x 10g,nescafe dolce gusto beverage capsules - cafe au lait intenso,per serving (100g),16 , 10g,100g,0.0,19.4,0.0,336.0,0.0,11.6,26.0,86.50000000000001,365.0,0.9,10.0,3.6,0.4,25.7,17.4,D
16 x 16g,nescafe dolce gusto beverage capsules - chococino,per serving (100g),16 , 16g,100g,0.0,14.42,0.0,441.0,0.0,4.62,55.62,59.66,159.6,0.61,9.59,3.68,0.55,53.93,15.99,D
16 x 12g,nescafe dolce gusto beverage capsules - latte macchiato,per serving (220ml),16 , 12g,220ml,0.0,4.5,0.0,98.0,0.0,0.5,9.6,17.0,59.2,0.0,3.0,0.0,0.0,8.3,4.5,D
1.5l,f&n seasons bottle drink - ice peach tea,per serving (100ml),1,1.5l,100ml,0.0,0.0,0.0,38.0,0.0,0.0,905.0,0.0,0.0,0.0,0.0,0.0,0.0,9.5,0.0,C
480ml,life bottle drink - rock sugar starfruit juice,per serving (240ml),1,480ml,240ml,0.0,0.0,0.0,113.0,0.0,0.0,28.3,0.0,302.0,0.0,0.0,0.0,0.0,23.0,0.0,D
750g,milo instant chocolate malt drink powder with milk - ice energy,per serving (26g),1,750g,26g,0.0,2.9,0.0,107.0,0.0,0.8,19.5,0.0,52.00000000000001,0.0,1.2,0.0,0.0,13.6,2.4,D
4 x 375ml,"bundaberg sparkling fruit bottle drink - lemon,lime&bitters",per serving (375ml),4 , 375ml,375ml,0.0,0.0,0.0,175.0,0.0,0.0,43.2,0.0,34.0,0.0,1.0,0.0,0.0,43.2,1.0,D
1l,pomefresh juice bottle drink - pomegranate,per serving (237ml),1,1l,237ml,0.0,0.0,0.0,143.0,0.0,0.0,36.0,0.0,14.0,0.0,0.0,0.0,0.0,31.0,0.0,D
24 x 250ml (ctn),pokka packet drink - carrot fruit juice ,per serving (250g),24 , 250ml (ctn),250g,0.0,0.0,0.0,103.0,0.0,0.0,25.8,0.0,12.5,0.0,0.0,0.0,0.0,24.5,0.0,D
24 x 250ml (ctn),pokka packet drink - kiyo kyoho grape,per serving (100ml),24 , 250ml (ctn),100ml,0.0,0.0,0.0,43.0,0.0,0.0,10.8,0.0,0.0,0.0,0.0,0.0,0.0,10.7,0.0,D
240ml,nescafe milk coffee can drink - mocha,per serving (240),1,240ml,240,0.0,1.4,0.0,41.0,0.0,0.0,7.3,0.0,0.0,0.0,0.0,0.0,0.0,0.0,0.7,B
4 x 375ml,bundaberg bottle drink - ginger beer light,per serving (375ml),4 , 375ml,375ml,0.0,1.0,0.0,31.0,0.0,0.0,6.4,0.0,42.0,0.0,0.0,0.0,0.0,4.5,1.0,B
24 x 250ml (ctn),pokka packet drink - mixed berries & carrot juice,per serving (250ml),24 , 250ml (ctn),250ml,0.0,0.0,0.0,108.0,0.0,0.0,26.8,0.0,13.000000000000002,0.0,0.0,0.0,0.0,26.8,0.0,D
4 x 320ml,pepsi can drink - no calorie,per serving (100ml),4 , 320ml,100ml,0.0,0.0,0.0,0.0,0.0,0.0,0.0,0.0,8.0,0.0,0.0,0.0,0.0,0.0,0.0,A
20 x 18g,gold kili instant ginger drink - lemon ,per serving (18g),20 , 18g,18g,0.0,0.1,0.0,73.0,0.0,17.4,0.0074,0.0,0.0,0.0,0.2,0.0,0.0,16.1,0.3,D
840ml,sunquick concentrate drink - tropical,per serving (100ml),1,840ml,100ml,0.0,0.0,0.0,137.0,0.0,0.0,7.6,0.0,0.0,0.0,0.0,0.0,0.0,7.5,0.0,C
4 x 200ml,fever-tree bottle - tonic water (mediterranean),per serving,4 , 200ml,,0.0,0.0,0.0,36.0,0.0,0.0,9.0,0.0,0.0,0.0,0.0,0.0,0.0,7.4,0.0,C
4 x 300ml,fuze tea flavoured green tea can drink - jasmine,per serving (100ml),4 , 300ml,100ml,0.0,0.0,0.0,5.0,0.0,0.0,5.5,0.0,5.0,0.0,0.0,0.0,0.0,5.5,0.0,C
320ml,sagiko juice can drink - calamansi,per serving (320ml),1,320ml,320ml,0.0,0.0,0.0,140.0,0.0,0.0,35.0,0.0,5.0,0.0,0.0,0.0,0.0,34.0,0.0,D
12 x 1.5l (ctn),100 plus isotonic bottle drink - active,per serving (250ml),12 , 1.5l (ctn),250ml,0.0,0.0,0.0,63.0,0.0,0.0,15.5,0.0,113.0,0.0,0.0,0.0,0.0,15.5,0.0,D
473ml,snapple bottle drink - kiwi strawberry,per serving (1 bottle),1,473ml,1 bottle,0.0,0.0,0.0,0.0,0.0,0.0,46.0,0.0,15.0,0.0,0.0,0.0,0.0,45.0,0.0,D
473ml,snapple bottle drink - grapeade,per serving (1 bottle),1,473ml,1 bottle,0.0,0.0,0.0,0.0,0.0,0.0,46.0,0.0,10.0,0.0,0.0,0.0,0.0,46.0,0.0,D
946ml,natur-a organic fortified soy beverage - unsweetened,per serving (250ml),1,946ml,250ml,0.0,8.0,0.0,80.0,0.0,1.0,4.0,0.0,40.0,0.0,0.5,0.7,2.0,2.0,3.5,D
24 x 325ml (ctn),f&n can drink - cheeky cherryade,per serving (325ml),24 , 325ml (ctn),325ml,0.0,0.0,0.0,65.0,0.0,0.0,15.9,0.0,26.000000000000004,0.0,0.0,0.0,0.0,15.9,0.0,D
350g,bonchoco instant hot chocolate drink,per 100g,1,350g,,0.0,8.7,0.0,389.0,0.0,4.7,74.8,7.0,408.00000000000006,0.0,5.1,0.0,0.0,69.3,6.1,D
6 x 140ml,you-c1000 vitamin bottle drink - apple,per serving (140ml),6 , 140ml,140ml,0.0,0.0,0.0,60.0,0.0,0.0,14.0,0.0,45.0,0.0,0.0,0.0,0.0,14.0,0.0,D
24 x 250ml (ctn),red bull energy can drink - classic,per serving (250ml),24 , 250ml (ctn),250ml,0.0,1.0,0.0,166.8,0.0,0.0,46.5,0.0,0.0,0.0,0.0,0.0,0.0,40.0,0.0,D
946ml,natur-a organic fortified soy beverage - chocolate,per serving (250ml),1,946ml,250ml,0.0,7.0,0.0,160.0,0.0,1.0,20.0,0.0,140.0,0.0,1.0,2.0,2.5,19.0,6.0,D
4 x 250ml,alchemy & tonic grapefruit & thyme tonic water,per serving (),4 , 250ml,,0.0,0.0,0.0,33.0,0.0,0.0,7.5,0.0,0.0,0.0,0.0,0.0,0.0,7.5,0.0,C
4 x 250ml,alchemy & tonic hibiscus pink lemonade,per serving (),4 , 250ml,100ml,0.0,0.0,0.0,32.0,0.0,0.0,7.5,0.0,4.99,0.0,0.0,0.0,0.0,7.5,0.0,C
946ml,natur-a organic fortified soy beverage - vanilla,per serving (250ml),1,946ml,250ml,0.0,7.0,0.0,130.0,0.0,1.0,13.0,0.0,80.0,0.0,0.5,2.0,2.5,11.0,5.0,D
1 l,rude health ultimate almond drink,per serving (null),1,1 l,null,0.0,1.5,0.0,37.0,0.0,0.8,0.8,0.0,0.0,0.0,0.0,0.0,0.0,0.0,3.2,D
12 x 1.5l (ctn),fanta bottle drink - strawberry,per serving (320ml),12 , 1.5l (ctn),320ml,0.0,0.0,0.0,61.0,0.0,0.0,14.7,0.0,10.0,0.0,0.0,0.0,0.0,14.7,0.0,D
1 l,del monte four seasons juice drink tetra,per serving (),1,1 l,,0.0,0.0,0.0,70.0,0.0,0.0,19.0,0.0,5.0,0.0,0.0,0.0,0.0,18.0,0.0,D
1 l,rude health organic brown rice drink,per serving (null),1,1 l,null,0.0,0.1,0.0,61.0,0.0,0.2,11.9,0.0,100.0,0.0,0.0,0.0,0.0,0.0,1.4,C
15 x 25g,maxtea instant drink - tarikk with ginger,per serving (25g),15 , 25g,25g,0.0,0.9,0.0,105.0,0.0,1.0,20.7,0.0,15.0,0.0,2.1,0.0,0.0,13.5,2.4,D
4 x 200ml,schweppes carbonated bottle drink - indian tonic water,per serving,4 , 200ml,,0.0,0.0,0.0,42.0,0.0,0.0,9.8,0.0,0.0,0.0,0.0,0.0,0.0,0.0,0.0,A
24 x 500ml (ctn),pokka bottle drink - ice lemon tea,per serving (250ml),24 , 500ml (ctn),250ml,0.0,0.0,0.0,100.0,0.0,0.0,25.0,0.0,13.000000000000002,0.0,0.0,0.0,0.0,24.3,0.0,D
24 x 500ml (ctn),pokka premium bottle drink - milk tea (original),per serving (250ml),24 , 500ml (ctn),250ml,0.0,1.5,0.0,105.0,0.0,0.0,20.8,0.0,53.0,0.0,1.3,0.0,0.0,19.0,1.8,D
180g,weider multi vitamin jelly packet drink - passion fruit,per serving (180g),1,180g,180g,0.0,0.0,0.0,70.0,0.0,0.0,17.6,0.0,70.0,0.0,0.0,0.0,0.0,15.5,0.0,D
6 x 240ml,milo activ-go original rtd - can drink 6pcs,per serving (100ml),6 , 240ml,100ml,0.0,2.0,0.0,54.0,0.0,0.5,8.0,0.0,37.0,0.0,0.0,0.0,0.0,5.0,1.5,C
24 x 500ml (ctn),pokka bottle drink - ice peach tea,per serving (250ml),24 , 500ml (ctn),250ml,0.0,0.0,0.0,100.0,0.0,0.0,25.0,0.0,13.000000000000002,0.0,0.0,0.0,0.0,24.3,0.0,D
300 ml,karma drinks organic sparkling blackcurrant,per serving (0.1g),1,300 ml,0.1g,0.0,0.1,0.0,28.0,0.0,0.0,6.8,0.0,0.6,0.0,0.0,0.0,0.0,6.1,0.0,C
1000 ml,kirei kochi ice sweetened yuzu drink concentrate,per serving (100ml),1,1000 ml,100ml,0.0,0.2,0.0,0.0,0.0,0.0,0.0,0.0,0.0,0.0,0.0,0.0,0.0,0.0,0.2,A
12 x 1.5l (ctn),f&n flavoured bottle drink - sarsi,per serving (250ml),12 , 1.5l (ctn),250ml,0.0,0.0,0.0,48.0,0.0,0.0,11.9,0.0,0.0,0.0,0.0,0.0,0.0,0.0,0.0,A
4 x 250ml,alchemy & tonic indian tonic water,per serving (),4 , 250ml,,0.0,0.0,0.0,32.0,0.0,0.0,7.0,0.0,0.0,0.0,0.0,0.0,0.0,7.0,0.0,C
1 l,rude health barista coconut drink,per serving (100),1,1 l,100,0.0,0.8,0.0,53.0,0.0,0.9,7.0,0.0,100.0,0.0,0.0,0.0,0.0,0.0,2.3,C
48 x 250ml ctn),vitasoy soya bean packet drink - chocolate,per serving (250ml),48 , 250ml ctn),250ml,0.0,3.0,0.0,0.0,0.0,0.0,29.0,0.0,130.0,0.0,1.0,0.0,0.0,22.0,3.5,D
0,drink almighty sparkling water - peach and ginger 330ml x 6,per serving (),1,0,,0.0,0.0,0.0,3.0,0.0,0.0,0.0,0.0,69.0,0.0,0.0,0.0,0.0,0.0,0.0,A
1 l,rude health organic soya drink,per serving (null),1,1 l,null,0.0,3.6,0.0,39.0,0.0,0.3,1.6,0.0,50.0,0.0,0.0,0.0,0.0,0.0,2.0,C
15 x 500ml (ctn),wong lo kat bottle drink - herbal tea,per serving (100ml),15 , 500ml (ctn),100ml,0.0,0.0,0.0,33.0,0.0,0.0,8.3,0.0,0.0,0.0,1.0,0.0,0.0,8.3,1.0,C
1 l,marks & spencer plant kitchen unsweetened almond drink,per serving (),1,1 l,,0.0,0.5,0.0,14.0,0.0,0.5,0.8,0.0,100.0,0.0,0.21,0.0,0.0,0.2,0.9,B
1 l,marks & spencer plant kitchen coconut drink,per serving (0.2g),1,1 l,0.2g,0.0,0.2,0.0,28.0,0.0,1.0,2.2,0.0,80.0,0.0,1.7,0.0,0.0,2.0,1.9,C
1 l,rude health organic oat drink,per serving (null),1,1 l,null,0.0,0.8,0.0,43.0,0.0,0.3,6.1,0.0,100.0,0.0,0.0,0.0,0.0,0.0,1.6,C
4 x 125ml,nutricia souvenaid bottle drink - vanilla,per serving (125g),4 , 125ml,125g,0.0,3.1,0.0,125.0,0.0,0.7,15.4,400.0,125.0,0.0,0.0,0.0,0.0,0.0,5.4,D
2 x 500ml,hung fook tong cha dian xia scf and honey drink[bundle of 2],per serving (100),2 , 500ml,100,0.0,0.0,0.0,0.0,0.0,0.0,0.0,0.0,0.0,0.0,0.0,0.0,0.0,5.7,0.0,C
1 l,marks & spencer apple & rhubarb juice drink,per serving (),1,1 l,,0.0,0.2,0.0,40.0,0.0,0.5,9.2,0.0,10.0,0.0,0.1,0.0,0.0,9.2,0.1,C
4 x 150ml,east imperial grapefruit soda - pack of 4 bottles,per serving (),4 , 150ml,,12.0,0.0,0.0,59.0,0.0,1.0,12.0,0.0,1.75,0.0,0.0,0.0,0.0,12.0,0.0,D
250 ml,rude health mini almond drink,per serving (100),1,250 ml,100,0.0,0.2,0.0,56.0,0.0,0.2,10.5,0.0,100.0,0.0,0.0,0.0,0.0,0.0,1.5,C
1440 ml,bifido just drink-can-latte 6 x 240ml,per serving (100ml),1,1440 ml,100ml,4.7,1.9,0.0,64.0,0.0,0.0,9.6,3.0,76.0,0.0,1.4,0.0,0.0,7.5,2.0,C
6 x 1l,rude health barista soya drink,per serving (100),6 , 1l,100,0.0,3.6,0.0,51.0,0.0,1.0,5.0,0.0,100.0,0.0,0.0,0.0,0.0,0.0,1.7,C
250 ml,sansu yuzu & ginger soda drink,per serving (),1,250 ml,,0.0,0.0,0.0,59.0,0.0,0.0,15.0,0.0,0.0,0.0,0.0,0.0,0.0,0.0,0.0,A
1 l,rude health organic coconut drink,per serving (null),1,1 l,null,0.0,0.1,0.0,53.0,0.0,0.7,10.4,0.0,100.0,0.0,0.0,0.0,0.0,0.0,1.2,B
12 x 1.5l (ctn),f&n flavoured bottle drink - ginger ade,per serving (250ml),12 , 1.5l (ctn),250ml,0.0,0.0,0.0,110.0,0.0,0.0,27.8,0.0,0.0,0.0,0.0,0.0,0.0,27.8,0.0,D
0,coffeehock chocolate malt drink 2kg,per serving (30),1,0,30,0.0,2.3,0.0,0.0,0.0,0.0,0.0,0.0,0.0,0.0,0.0,0.0,0.0,5.3,2.6,C
250 ml,muno organic sea buckthorn + ginger juice drink,per serving (100),1,250 ml,100,0.0,1.1,0.0,39.0,0.0,0.5,7.6,0.0,20.0,0.0,0.0,0.0,0.0,6.4,0.2,C
5760 ml,bifido just drink-can-mandheling  24 x 240ml,per serving (100ml),1,5760 ml,100ml,4.7,1.7,0.0,58.0,0.0,0.0,8.4,3.2,67.0,0.0,1.3,0.0,0.0,6.6,1.9,C
300 ml,karma drinks organic sparkling red grapefruit,per serving (0g),1,300 ml,0g,0.0,0.0,0.0,29.0,0.0,0.0,7.3,0.0,0.9000000000000001,0.0,0.0,0.0,0.0,6.9,0.0,C
250 ml,13 honey apple lemon drink,per serving (),1,250 ml,,0.0,0.0,0.0,108.0,0.0,0.0,27.0,0.0,0.0,0.0,0.0,0.0,0.0,0.0,0.0,A
250 ml,sansu yuzu & cucumber soda drink,per serving (),1,250 ml,,0.0,0.0,0.0,59.0,0.0,0.0,15.0,0.0,0.0,0.0,0.0,0.0,0.0,0.0,0.0,A
6 x 1l,rude health barista almond drink,per serving (),6 , 1l,,0.0,1.8,0.0,58.0,0.0,0.6,8.0,0.0,100.0,0.0,0.0,0.0,0.0,0.0,2.1,C
6 x 1l,rude health barista oat drink,per serving (),6 , 1l,,0.0,0.7,0.0,57.0,0.0,0.9,7.8,0.0,100.0,0.0,0.0,0.0,0.0,0.0,2.4,C
12 x 1.5l (ctn),life distilled drinking bottle water,per 100ml,12 , 1.5l (ctn),,0.0,0.0,0.0,0.0,0.0,0.0,0.0,0.0,0.2,0.0,0.0,0.0,0.0,0.0,0.0,A
12 x 1.5l (ctn),f&n ice mountain pure drinking bottle water,per serving (100ml),12 , 1.5l (ctn),100ml,0.0,0.0,0.0,0.0,0.0,0.0,0.0,0.0,1.0,0.0,0.0,0.0,0.0,0.0,0.0,A
12 x 1l (ctn),marigold uht packet milk - full cream,per serving (200ml),12 , 1l (ctn),200ml,0.0,5.8,0.0,120.0,0.0,0.0,9.4,0.0,0.0,0.0,0.0,0.0,0.0,0.0,6.6,D
12 x 500ml (ctn),ufc refresh 100% natural coconut water,per serving (250ml),12 , 500ml (ctn),250ml,0.0,0.0,0.0,61.0,0.0,0.3,15.7,0.0,48.0,0.0,0.0,0.0,0.0,8.6,0.0,C
24 x 330ml (ctn),evian natural mineral bottle water,per serving (100ml),24 , 330ml (ctn),100ml,0.0,0.0,0.0,0.0,0.0,0.0,0.0,0.0,0.6500000000000001,0.0,0.0,0.0,0.0,0.0,0.0,A
12 x 1l (ctn),dutch lady uht milk - full cream (plain),per serving (100ml),12 , 1l (ctn),100ml,0.0,2.7,0.0,64.0,0.0,0.0,5.9,0.0,40.0,0.0,2.5,0.0,0.0,5.0,3.3,D
12 x 500ml (ctn),glaceau xxx vitamin bottle water - triple berry,per serving (500ml),12 , 500ml (ctn),500ml,0.0,0.0,0.0,90.0,0.0,0.0,22.0,0.0,0.0,0.0,0.0,0.0,0.0,22.0,0.0,D
24 x 600ml (ctn),aqua mountain spring bottle water,per serving (600ml - 1 bottle),24 , 600ml (ctn),600ml - 1 bottle,0.0,0.0,0.0,0.0,0.0,0.0,0.0,0.0,0.0,0.0,0.0,0.0,0.0,0.0,0.0,A
6 x 500ml (ctn),fiji natural artesian bottle water,per serving (100ml),6 , 500ml (ctn),100ml,0.0,0.0,0.0,0.0,0.0,0.0,0.0,0.0,1800.0,0.0,0.0,0.0,0.0,0.0,0.0,B
24 x 330ml (ctn),perrier sparkling mineral bottle water - natural,per serving (100ml),24 , 330ml (ctn),100ml,0.0,0.0,0.0,0.0,0.0,0.0,0.0,0.0,0.95,0.0,0.0,0.0,0.0,0.0,0.0,A
12 x 1.5l (ctn),authentic tea house da hong pao no sugar oolong tea,per serving (240ml),12 , 1.5l (ctn),240ml,0.0,0.0,0.0,0.0,0.0,0.0,0.0,0.0,19.0,0.0,0.0,0.0,0.0,0.0,0.0,A
12 x 500ml,glaceau essential vitamin bottle water - orange,per serving (500ml),12 , 500ml,500ml,0.0,0.0,0.0,90.0,0.0,0.0,22.0,0.0,0.0,0.0,0.0,0.0,0.0,21.5,0.0,D
6 x 1l (ctn),fiji natural artesian water,per serving (100ml),6 , 1l (ctn),100ml,0.0,0.0,0.0,0.0,0.0,0.0,0.0,0.0,1800.0,0.0,0.0,0.0,0.0,0.0,0.0,B
6 x 500ml,pocari sweat ion supply bottle 500ml [bundle of 6],per serving (100),6 , 500ml,100,0.0,0.0,0.0,0.0,0.0,0.0,0.0,0.0,0.0,0.0,0.0,0.0,0.0,5.8,0.0,C
2 x 500ml,schweppes cream soda bottle [bundle of 2],per serving (100ml),2 , 500ml,100ml,0.0,0.0,0.0,0.0,0.0,0.0,0.0,0.0,0.0,0.0,0.0,0.0,0.0,4.6,0.0,B
2 x 500ml,hung fook tong red bean &job's tears seeds [bundle of 2],per serving (),2 , 500ml,100ml,0.0,0.0,0.0,0.0,0.0,0.0,0.0,0.0,0.0,0.0,0.0,0.0,0.0,4.5,0.0,B
12 x 1l (ctn),cocomax 100% coconut bottle water,per serving (250ml),12 , 1l (ctn),250ml,0.0,0.5,0.0,50.0,0.0,0.0,12.0,0.0,20.0,0.0,0.0,0.0,0.0,10.8,0.0,D
500 g,health paradise organic black soya milk powder,per serving (),1,500 g,30g,0.0,8.0,0.0,130.0,0.0,0.0,15.0,0.0,40.0,0.0,0.66,0.0,0.0,0.0,4.5,D
6 x 1l,minor figures barista oat milk,per serving (),6 , 1l,,0.0,0.4,0.0,97.0,0.0,0.0,19.0,0.0,200.0,0.0,0.4,0.0,0.0,9.0,4.2,D
330 ml,shozu yuzu & ume sparkling prebiotics,per serving (0g),1,330 ml,0g,0.0,0.0,0.0,34.0,0.0,5.0,7.0,0.0,0.0,0.0,0.0,0.0,0.0,0.0,0.0,A
500 g,health paradise instant soya milk powder (nsa),per serving (),1,500 g,30g,0.0,6.0,0.0,130.0,0.0,0.0,16.0,0.0,40.0,0.0,0.66,0.0,0.0,0.0,4.5,D
750 ml,marks & spencer sparkling sicilian lemon & british mint press,per serving (),1,750 ml,,0.0,0.1,0.0,21.0,0.0,0.5,5.1,0.0,10.0,0.0,0.1,0.0,0.0,4.3,0.1,B
100 per pack,lipton yellow label tea bags - international blend,per serving (100ml),1,100 per pack,100ml,0.0,0.0,0.0,0.0,0.0,0.0,0.0,0.0,0.0,0.0,0.0,0.0,0.0,0.0,0.0,A
12 x 300ml,authentic tea house ayataka no sugar japanese green tea,per serving (100ml),12 , 300ml,100ml,0.0,0.0,0.0,0.0,0.0,0.0,0.0,0.0,8.0,0.0,0.0,0.0,0.0,0.0,0.0,A
6 x 600g,killiney premium milk tea family bundle,per serving (null),6 , 600g,null,0.0,0.6,0.0,170.0,0.0,0.0,30.7,0.0,85.0,0.0,4.9,0.0,0.0,19.4,0.0,D
12 x 300ml (ctn),pokka can drink - jasmine green tea ,per serving (300ml),12 , 300ml (ctn),300ml,0.0,0.0,0.0,72.0,0.0,0.0,18.0,0.0,18.000000000000004,0.0,0.0,0.0,0.0,18.0,0.0,D
1.5l,fuze tea flavoured green tea bottle drink - jasmine,per serving (100ml),1,1.5l,100ml,0.0,0.0,0.0,22.0,0.0,0.0,5.5,0.0,5.0,0.0,0.0,0.0,0.0,5.5,0.0,C
1l,life japanese green tea bottle drink - no sugar,per serving (250ml),1,1l,250ml,0.0,0.0,0.0,0.0,0.0,0.0,0.0,0.0,18.000000000000004,0.0,0.0,0.0,0.0,0.0,0.0,A
1.5l,pokka bottle drink - blueberry tea ,per serving (250ml),1,1.5l,250ml,0.0,0.0,0.0,78.0,0.0,0.0,19.5,0.0,13.000000000000002,0.0,0.0,0.0,0.0,19.5,0.0,D
6 x 250ml,vita hk style milk tea packet drink - original,per serving,6 , 250ml,,0.0,1.4,0.0,49.0,0.0,0.0,7.4,0.0,60.0,0.0,1.2,0.0,0.0,6.4,1.5,C
30 x 20g,boh 3 in 1 instant tea mix - original,per serving (170ml),30 , 20g,170ml,0.0,0.3,0.0,89.0,0.0,0.0,17.1,0.0,32.0,0.0,0.0,0.0,0.0,0.0,2.6,C
1.5l,pokka bottle drink - chrysanthemum with white tea,per serving (250ml),1,1.5l,250ml,0.0,0.0,0.0,55.0,0.0,0.0,14.0,0.0,15.0,0.0,0.0,0.0,0.0,14.0,0.0,D
50 x 2g,osk japanese green tea bags - mixed with roasted rice,per serving (100g),50 , 2g,100g,0.0,0.0,0.0,0.0,0.0,0.0,0.1,0.0,2.0,0.0,0.0,0.0,0.0,0.0,0.0,A
12 per pack,boh teh tarik instant milk tea beverage - original,per serving (180ml),1,12 per pack,180ml,0.0,1.1,0.0,128.0,0.0,0.0,19.3,0.0,46.1,0.0,0.0,0.0,0.0,10.4,5.2,D
1l,ito en green tea bottle - oji ocha (unsweetened),per serving (250ml),1,1l,250ml,0.0,0.3,0.0,4.0,0.0,0.0,0.8,0.0,30.0,0.0,0.0,0.0,0.0,0.0,0.0,A
12 x 20g,lipton 3 in 1 instant milk tea latte - teh halia,per serving (21g),12 , 20g,21g,0.0,0.7,0.0,100.0,0.0,0.6,15.6,0.0,50.0,0.0,3.6,0.0,0.0,10.4,3.6,D
50g (25 per pack),twinings teabags - earl grey,per serving (200ml),1,50g (25 per pack),200ml,0.0,0.0,0.0,1.0,0.0,0.0,0.2,0.0,0.0,0.0,0.0,0.0,0.0,0.0,0.0,A
10 x 5g,gingen instant ginger powder - original (no sugar),per serving (5g),10 , 5g,5g,0.0,0.0,0.0,20.0,0.0,0.0,5.0,0.0,0.0,0.0,0.0,0.0,0.0,0.0,0.0,A
20 x 18g,super instant tea infusions - chrysanthemum with honey,per serving (18g),20 , 18g,18g,0.0,0.1,0.0,71.0,0.0,0.0,17.6,0.0,4.0,0.0,0.0,0.0,0.0,0.0,0.1,A
50 x 1.5g,lipton green tea bags - lively fresh,per serving (1.5g),50 , 1.5g,1.5g,0.0,0.0,0.0,0.0,0.0,0.0,0.0,0.0,0.0,0.0,0.0,0.0,0.0,0.0,0.0,A
15 x 35g,gold kili premium instant white milk tea - double shot,per serving (35g),15 , 35g,35g,0.0,0.0,0.0,160.0,0.0,0.0,25.0,0.0,60.0,0.0,6.0,0.0,0.0,15.0,7.0,D
10 x 18g,gingen instant ginger powder - strong,per serving (18g),10 , 18g,18g,0.0,0.0,0.0,0.0,0.0,0.0,18.0,0.0,0.0,0.0,0.0,0.0,0.0,17.0,0.0,D
20 x 18g,super instant tea infusions - red date & longan,per serving (18g),20 , 18g,18g,0.0,0.1,0.0,71.0,0.0,0.0,17.6,0.0,1.0,0.0,0.0,0.0,0.0,0.0,0.0,A
480ml,life bottle drink - herbal tea,per serving (240ml),1,480ml,240ml,0.0,0.0,0.0,48.0,0.0,0.0,12.2,0.0,7.0,0.0,0.0,0.0,0.0,9.8,0.0,C
80 g,mamami matcha powder from japan,per serving (1g),1,80 g,1g,0.0,1.0,0.0,0.0,0.0,0.0,0.0,0.0,0.0,0.0,0.0,0.0,0.0,0.0,0.0,A
480ml,life bottle drink - red date tea,per serving (240ml),1,480ml,240ml,0.0,0.2,0.0,77.0,0.0,0.0,18.7,0.0,12.0,0.0,0.0,0.0,0.0,16.6,0.0,D
20 x 18g,gold kili instant ginger drink - brown sugar ,per serving (18g),20 , 18g,18g,0.0,0.2,0.0,70.0,0.0,0.0,17.4,0.0,0.3,0.0,0.0,0.0,0.0,17.4,0.0,D
50 x 2g,fairprice japanese green tea -yabukita blend with roasted rice,per serving (2g),50 , 2g,2g,0.0,0.0,0.0,0.0,0.0,0.0,0.0,0.0,0.0,0.0,0.0,0.0,0.0,0.0,0.0,A
1l,marigold packet drink - chrysanthemum tea (less sweet),per serving (250ml),1,1l,250ml,0.0,0.0,0.0,87.0,0.0,0.0,21.8,0.0,0.0,0.0,0.0,0.0,0.0,20.3,0.0,D
4 x 250ml,lo bros organic raspberry & lemon kombucha,per serving (1g),4 , 250ml,1g,0.0,0.0,0.0,0.0,0.0,0.0,0.0,0.0,0.0,0.0,0.0,0.0,0.0,1.0,0.0,B
4 x 250ml,lo bros organic passionfruit kombucha,per serving (1g),4 , 250ml,1g,0.0,0.0,0.0,0.0,0.0,0.0,0.0,0.0,0.0,0.0,0.0,0.0,0.0,1.0,0.0,B
40g (20 per pack),sea dyke tea bags - oolong tea ,per serving (2g),1,40g (20 per pack),2g,0.0,0.542,0.0,5.58,0.0,0.0,0.808,0.0,0.16,0.0,0.0,0.0,0.0,0.0,0.024,A
250g,daribell pure and natural instant ginger tea powder,per serving (15g),1,250g,15g,0.0,0.0,0.0,61.0,0.0,0.0,15.0,0.0,6.0,0.0,0.0,0.0,0.0,10.0,0.0,C
10 x 18g,gingen instant ginger powder -  brown sugar,per serving (18g),10 , 18g,18g,0.0,0.0,0.0,70.0,0.0,0.0,18.0,0.0,0.0,0.0,0.0,0.0,0.0,17.0,0.0,D
140 g,nitto royal milk tea 10p,per serving (),1,140 g,,0.0,0.9,0.0,59.0,0.0,0.0,11.6,0.0,50.0,0.0,0.0,0.0,0.0,0.0,1.0,B
480 g,ah huat teh c,per serving (),1,480 g,,0.0,1.6,0.0,134.0,0.0,0.7,24.3,0.0,74.2,0.0,0.0,0.0,0.0,15.6,3.4,D
20 x 2g,tly tea bags - bittergrourd,per serving (100g),20 , 2g,100g,0.0,18.8,0.0,335.0,0.0,43.8,63.2,0.0,37.0,0.0,0.0,0.0,0.0,0.0,0.8,B
50 x 2g,ta-fu tea bags - genmai cha (non staple),per serving (100g),50 , 2g,100g,0.0,0.0,30.0,110.0,0.0,1.0,20.0,0.0,25.0,0.0,3.5,0.0,0.0,15.0,3.5,D
2 x 500ml,hung fook tong ice lemon tea herbal drink [bundle of 2],per serving (100ml),2 , 500ml,100ml,0.0,0.0,0.0,0.0,0.0,0.0,0.0,0.0,0.0,0.0,0.0,0.0,0.0,6.5,0.0,C
400 ml,the gutsy captain ginger & lemon kombucha zero,per serving (100),1,400 ml,100,0.0,0.0,0.0,0.0,0.0,0.0,0.0,0.0,10.0,0.0,0.0,0.0,0.0,0.0,0.0,A
400 ml,the gutsy captain passionfruit kombucha,per serving (100),1,400 ml,100,0.0,0.0,0.0,17.0,0.0,0.0,4.4,0.0,0.0,0.0,0.0,0.0,0.0,0.0,0.0,A
750 ml,rok kombucha passionfruit rap (l),per serving (100ml),1,750 ml,100ml,0.0,0.0,0.0,0.0,0.0,0.0,3.0,0.0,0.0,0.0,0.0,0.0,0.0,2.9,0.0,B
1kg,jewon gold korean citron tea - natural yuja,per serving (25g),1,1kg,25g,0.0,0.0,0.0,0.0,0.0,0.0,16.0,0.0,21.0,0.0,0.0,0.0,0.0,14.0,0.0,D
8 pc,best choice ginseng longan red dates & goji triangle tea bag,per serving (),1,8 pc,,0.0,0.0,0.0,1.0,0.0,0.0,0.0,0.0,0.0,0.0,0.0,0.0,0.0,0.0,0.0,A
6 x 250ml,hi-c low sugar ceylon lemon tea [bundle of 6],per serving (),6 , 250ml,,0.0,0.0,0.0,0.0,0.0,0.0,0.0,0.0,0.0,0.0,0.0,0.0,0.0,4.6,0.0,B
0,sosro tehbotol - original 450ml [ carton ],per serving (),1,0,,0.0,0.0,0.0,0.0,70.0,0.0,17.4,0.0,27.0,0.0,0.0,0.0,0.0,16.4,0.0,D
100 g,"mamami ""-"" hojicha powder (japan)",per serving (1g),1,100 g,1g,0.0,1.0,0.0,0.0,0.0,0.0,0.0,0.0,0.0,0.0,0.0,0.0,0.0,0.0,0.0,A
8 pc,best choice pineapple & osmanthus snow pear triangle tea bag,per serving (1),1,8 pc,1,0.0,2.5,0.0,332.0,0.0,0.0,77.5,0.0,0.0,0.0,0.0,0.0,0.0,0.0,0.9,B
8 pc,best choice brown sugar & red date ginger tea triangle tea ba,per serving (1),1,8 pc,1,0.0,0.0,0.0,396.0,0.0,0.0,97.6,0.0,0.0,0.0,0.0,0.0,0.0,0.0,0.0,A
0,sosro tehbotol - less sugar 450ml [ carton ],per serving (),1,0,,0.0,0.0,0.0,0.0,41.0,0.0,10.6,0.0,15.0,0.0,0.0,0.0,0.0,9.9,0.0,C
8 pc,best choice red date tea (raw sugar),per serving (1),1,8 pc,1,0.0,0.1,0.0,17.0,0.0,0.1,4.2,0.0,0.0,0.0,0.0,0.0,0.0,4.1,0.0,B
160 g,kim's duet teh-o (black tea with less sugar),per serving (200),1,160 g,200,0.0,0.0,0.0,12.0,0.0,0.0,3.1,0.0,1.0,0.0,0.0,0.0,0.0,2.9,0.0,B
400 g,kim's duet teh-c (black tea with milk & less sugar),per serving (180),1,400 g,180,0.0,0.2,0.0,0.33299999999999996,0.0,0.6,6.0,0.0,4000.0,0.0,1.3,0.0,0.0,2.9,1.3,C
190 g,lipton hong kong style yuanyang milk tea,per serving (100ml),1,190 g,100ml,0.0,1.2,0.0,0.0,0.0,0.0,0.0,0.0,0.0,0.0,0.0,0.0,0.0,9.5,2.9,D
400 ml,the gutsy captain original kombucha zero,per serving (),1,400 ml,,0.0,0.0,0.0,0.0,0.0,0.0,0.0,0.0,10.0,0.0,0.0,0.0,0.0,0.0,0.0,A
400 ml,the gutsy captain raspberry kombucha zero,per serving (100),1,400 ml,100,0.0,0.0,0.0,0.0,0.0,0.0,0.0,0.0,10.0,0.0,0.0,0.0,0.0,0.0,0.0,A
40 g,green bio tech natural soursop leaf tea,per serving (100g),1,40 g,100g,0.0,11.1,0.0,380.0,0.0,0.0,68.4,0.0,8.4,0.0,0.0,0.0,0.0,6.5,6.8,D
36 x 1.6g,lipton brown rice green tea bags,per serving,36 , 1.6g,,0.0,0.0,0.0,0.0,0.0,0.0,0.0,0.0,0.0,0.0,0.0,0.0,0.0,0.0,0.0,A
6 x 250ml,hi-c lemon tea [bundle of 6],per serving (),6 , 250ml,,0.0,0.0,0.0,0.0,0.0,0.0,0.0,0.0,0.0,0.0,0.0,0.0,0.0,4.6,0.0,B
8 pc,best choice lemongrass & pandan tea (raw sugar),per serving (1),1,8 pc,1,0.0,0.0,0.0,14.0,0.0,0.0,3.5,0.0,3.0,0.0,0.0,0.0,0.0,3.3,0.0,B
99 g,nitto salt and lychee tea 10p,per serving (),1,99 g,,0.0,0.0,0.0,38.0,0.0,0.0,9.5,0.0,240.0,0.0,0.0,0.0,0.0,0.0,0.0,A
330 ml,liberty blood orange kombucha,per serving (100),1,330 ml,100,0.0,0.0,0.0,6.0,0.0,0.0,1.6,0.0,1.0,0.0,0.0,0.0,0.0,0.0,0.0,A
40 g,zestiva kyoho grape oolong tea (loose tea leaves),per serving (),1,40 g,,0.0,0.0,0.0,0.0,0.0,0.0,0.0,0.0,0.0,0.0,0.0,0.0,0.0,0.0,0.0,A
36 g,zestiva dong ding oolong tea (12 tea bag),per serving (),1,36 g,,0.0,0.0,0.0,0.0,0.0,0.0,0.0,0.0,0.0,0.0,0.0,0.0,0.0,0.0,0.0,A
250 ml,bootstrap beverages hojicha cold brew tea,per serving (),1,250 ml,,0.0,0.0,0.0,0.0,0.0,0.0,0.0,0.0,0.0,0.0,0.0,0.0,0.0,2.0,0.0,B
400 g,alitea warung teh tarik,per serving (),1,400 g,,0.0,0.7,0.0,85.0,0.0,0.0,15.8,0.0,0.0,0.0,0.0,0.0,0.0,0.0,2.2,C
400g,cha tra mue extra gold premium tea powder - vanilla,per serving (2),1,400g,2,0.0,0.0,0.0,0.0,0.0,25.0,0.3,300.0,2400.0,0.0,20.0,0.0,0.0,0.0,65.0,D
1 x 30g,nature's superfoods ceremonial matcha powder green tea,per serving (1g),1 , 30g,1g,0.0,1.0,0.0,0.01,0.0,0.0,2.0,0.0,0.0,0.0,0.0,0.0,0.0,0.0,0.0,A
1 l,minor figures organic barista chai concentrate,per serving (),1,1 l,,0.0,0.0,0.0,25.0,0.0,0.0,6.0,0.0,0.0,0.0,0.0,0.0,0.0,6.0,0.0,C
216 g,kim's duet instant chrysanthemum,per serving (8.6g),1,216 g,8.6g,0.0,0.0,0.0,0.315,0.0,0.0,8.7,0.0,0.0,0.0,0.0,0.0,0.0,8.6,0.0,C
1.89l,sunkist fruit bottle juice - apple,per serving (100ml),1,1.89l,100ml,0.0,0.2,0.0,42.0,0.0,0.0,10.4,0.0,7.0,0.0,0.0,0.0,0.0,9.9,0.0,C
1.89l,sunkist fruit bottle juice - orange,per serving (250ml),1,1.89l,250ml,0.0,0.5,0.0,108.0,0.0,0.3,26.3,0.0,13.000000000000002,0.0,0.0,0.0,0.0,24.8,0.0,D
946ml,f&n nutriwell reduced sugar drink - chrysanthemum & wolfberry,per serving (250ml),1,946ml,250ml,0.0,0.0,0.0,65.0,0.0,0.0,15.5,0.0,18.000000000000004,0.0,0.0,0.0,0.0,15.0,0.0,D
1l,marigold 100% packet juice - tropical fruits,per serving (250ml),1,1l,250ml,0.0,1.3,0.0,118.0,0.0,0.0,28.3,0.0,5.0,0.0,0.0,0.0,0.0,0.0,0.0,A
1.5l,minute maid plus+ fruit drink - orange,per serving (240ml),1,1.5l,240ml,0.0,0.0,0.0,103.0,0.0,0.0,25.4,0.0,29.0,0.0,0.0,0.0,0.0,22.3,0.0,D
6 x 200ml,marigold 100% packet juice - berries mixed fruits,per serving (200ml),6 , 200ml,200ml,0.0,0.6,0.0,97.0,0.0,0.0,23.6,0.0,10.0,0.0,0.0,0.0,0.0,22.6,0.0,D
946ml,del monte premium fruit bottle juice - cranberry,per serving (240ml),1,946ml,240ml,0.0,0.2,0.0,118.0,0.0,0.2,29.3,0.0,22.0,0.0,0.0,0.0,0.0,29.3,0.0,D
946ml,sunsweet 100% prune bottle juice,per serving (100ml),1,946ml,100ml,0.0,0.7,0.0,76.0,0.0,1.1,18.8,0.0,4.0,0.0,0.0,0.0,0.0,17.7,0.0,D
6 x 140ml,you-c1000 vitamin bottle drink - lemon,per serving (140ml),6 , 140ml,140ml,0.0,0.0,0.0,65.0,0.0,0.0,16.0,0.0,99.0,0.0,0.0,0.0,0.0,16.0,0.0,D
1.5l,pokka bottle drink - fresh pomegranate juice,per serving (250ml),1,1.5l,250ml,0.0,0.0,0.0,103.0,0.0,0.0,25.5,0.0,0.0,0.0,0.0,0.0,0.0,22.5,0.0,D
946ml,"del monte premium prune bottle juice - vitamin a, c, e",per serving (100ml),1,946ml,100ml,0.0,0.7,0.0,64.0,0.0,1.4,15.3,0.0,18.000000000000004,0.0,0.0,0.0,0.0,10.0,0.0,C
1.5l,florida's natural 100% orange juice - no pulp & calcium,per serving (240ml),1,1.5l,240ml,0.0,2.0,0.0,110.0,0.0,0.0,26.0,0.0,0.0,0.0,0.0,0.0,0.0,22.0,0.0,D
946ml,ligo brand bottle juice - prune,per serving (240ml),1,946ml,240ml,0.0,2.0,0.0,136.0,0.0,1.0,41.0,0.0,10.0,0.0,0.0,0.0,0.0,22.0,0.0,D
1l,ceres 100% fruit juice - cranberry,per serving (200ml),1,1l,200ml,0.0,0.0,0.0,96.0,0.0,0.0,22.0,0.0,10.0,0.0,0.0,0.0,0.0,22.0,0.0,D
946ml,del monte premium prune bottle juice - calcium & folic acid,per serving (100ml),1,946ml,100ml,0.0,0.7,0.0,67.0,0.0,1.1,16.0,0.0,19.0,0.0,0.0,0.0,0.0,9.9,0.0,C
1l,ceres 100% juice blend packet drink - ruby grapefruit,per serving (200ml),1,1l,200ml,0.0,0.0,0.0,112.0,0.0,0.0,26.0,0.0,5.0,0.0,0.0,0.0,0.0,26.0,0.0,D
750ml,royal select sparkling juice - red grape,per serving,1,750ml,,0.0,0.0,0.0,68.0,0.0,0.0,17.0,0.0,0.0,0.0,0.0,0.0,0.0,17.0,0.0,D
1l,tipco 100% coconut water,per serving (200ml),1,1l,200ml,0.0,0.4,0.0,45.0,0.0,0.0,11.2,0.0,36.00000000000001,0.0,0.0,0.0,0.0,10.1,0.0,D
30 x 140ml (ctn),you-c1000 vitamin bottle drink - orange,per serving (140ml),30 , 140ml (ctn),140ml,0.0,0.0,0.0,78.0,0.0,0.0,19.5,0.0,61.0,0.0,0.0,0.0,0.0,19.5,0.0,D
750 ml,marks & spencer lemon squash,per serving (),1,750 ml,,0.0,0.1,0.0,1.0,0.0,0.5,0.1,0.0,30.0,0.0,0.1,0.0,0.0,0.1,0.1,A
1 l,del monte 100% pineapple juice w vit ac&e,per serving (),1,1 l,,0.0,0.0,0.0,120.0,0.0,0.0,29.0,0.0,5.0,0.0,0.0,0.0,0.0,23.0,0.0,D
946ml,r.w. knudsen family organic 100% bottle juice - just prune,per serving (240ml),1,946ml,240ml,0.0,1.0,0.0,180.0,0.0,3.0,46.0,0.0,15.0,0.0,0.0,0.0,0.0,35.0,0.0,D
2 x 240ml,del monte pineapple juice w/fibre - bundle of 2,per serving (),2 , 240ml,,0.0,0.0,0.0,120.0,0.0,4.0,29.0,0.0,5.0,0.0,0.0,0.0,0.0,22.0,0.0,D
1 l,marks & spencer cloudy apple juice,per serving (),1,1 l,,0.0,0.1,0.0,43.0,0.0,0.5,10.2,0.0,10.0,0.0,0.1,0.0,0.0,10.2,0.1,D
1 l,marks & spencer lemon & lime high juice,per serving (),1,1 l,,0.0,0.1,0.0,3.0,0.0,0.5,0.2,0.0,50.0,0.0,0.1,0.0,0.0,0.2,0.1,A
1 l,marks & spencer smooth orange juice,per serving (),1,1 l,,0.0,0.9,0.0,40.0,0.0,0.5,9.0,0.0,10.0,0.0,0.1,0.0,0.0,9.0,0.1,C
6 x 355ml,harmless harvest organic coconut water 6 x 355ml,per serving (0g),6 , 355ml,0g,0.0,0.0,0.0,0.0,0.0,0.0,0.0,0.0,0.0,0.0,0.0,0.0,0.0,20.0,0.0,D
750 ml,aureli pure juice - blueberry red beet purple carrot apple,per serving (0.5g),1,750 ml,0.5g,0.0,0.5,0.0,32.0,0.0,0.0,7.3,0.0,30.0,0.0,0.0,0.0,0.0,6.5,0.0,C
750 ml,james white organic pure juice - red beetroot with ginger,per serving (0.9g),1,750 ml,0.9g,0.0,0.9,0.0,31.0,0.0,0.0,6.8,0.0,80.0,0.0,0.0,0.0,0.0,5.0,0.0,B
1 x 330ml,cocoloco coconut water,per serving (),1 , 330ml,,0.0,0.0,0.0,0.0,0.0,0.0,0.0,0.0,0.0,0.0,0.0,0.0,0.0,3.6,0.0,B
750 ml,aureli organic pure juice - carrot,per serving (0.6g),1,750 ml,0.6g,0.0,0.6,0.0,35.0,0.0,0.0,8.1,0.0,10.0,0.0,0.0,0.0,0.0,6.8,0.1,C
500 ml,cococoast natural coconut water with yuzu,per serving (250),1,500 ml,250,0.0,0.0,0.0,21.0,0.0,0.0,5.5,0.0,25.0,0.0,0.0,0.0,0.0,5.0,0.0,B
750 ml,james white organic mixed vegetable juice,per serving (0.7g),1,750 ml,0.7g,0.0,0.7,0.0,27.0,0.0,0.0,5.8,0.0,40.0,0.0,0.0,0.0,0.0,4.7,0.1,B
500 ml,cococoast natural coconut water with passionfruit,per serving (250),1,500 ml,250,0.0,0.0,0.0,21.0,0.0,0.0,5.5,0.0,25.0,0.0,0.0,0.0,0.0,5.0,0.0,B
1 l,marks & spencer apple juice from concentrate,per serving (),1,1 l,,0.0,0.1,0.0,44.0,0.0,0.1,10.3,0.0,100.0,0.0,0.1,0.0,0.0,10.3,0.1,D
500 ml,cococoast natural coconut water,per serving (250),1,500 ml,250,0.0,0.0,0.0,21.0,0.0,0.0,5.5,0.0,25.0,0.0,0.0,0.0,0.0,5.0,0.0,B
500 ml,cococoast natural coconut water with lychee,per serving (250),1,500 ml,250,0.0,0.0,0.0,21.0,0.0,0.0,5.5,0.0,25.0,0.0,0.0,0.0,0.0,5.0,0.0,B
24 x 325ml,sundrop lime juice 325ml x 24 cans,per serving (),24 , 325ml,100ml,0.0,0.0,0.0,0.0,0.0,0.0,0.0,0.0,0.0,0.0,0.0,0.0,0.0,5.0,0.0,B
1 l,marks & spencer pink grapefruit high juice,per serving (),1,1 l,,0.0,0.1,0.0,5.0,0.0,0.5,1.0,0.0,30.0,0.0,0.1,0.0,0.0,1.0,0.1,B
12 x 500ml,cococoast natural coconut water with ginger,per serving (250),12 , 500ml,250,0.0,0.0,0.0,21.0,0.0,0.0,6.0,0.0,20.0,0.0,0.0,0.0,0.0,5.5,0.0,C
12 x 1l,the berry company pomegranate juice,per serving (100ml),12 , 1l,100ml,0.0,0.0,0.0,0.0,0.0,0.0,10.2,0.0,0.0,0.0,0.0,0.0,0.0,9.5,0.0,C
12 x 1l,the berry company goji berry juice,per serving (100ml),12 , 1l,100ml,0.0,0.0,0.0,0.0,0.0,0.0,10.0,0.0,0.0,0.0,0.0,0.0,0.0,9.4,0.0,C
12 x 1l,the berry company acai berry juice,per serving (100ml),12 , 1l,100ml,0.0,0.0,0.0,0.0,0.0,0.0,10.2,0.0,0.0,0.0,0.0,0.0,0.0,9.5,0.0,C
4 x 325ml,sundrop orange juice (325ml x 4 cans) - pack of 2,per serving (),4 , 325ml,100ml,0.0,0.0,0.0,0.0,0.0,0.0,0.0,0.0,0.0,0.0,0.0,0.0,0.0,5.5,0.0,C
4 x 325ml,sundrop lime juice (325ml x 4 cans) - pack of 2,per serving (),4 , 325ml,100ml,0.0,0.0,0.0,0.0,0.0,0.0,0.0,0.0,0.0,0.0,0.0,0.0,0.0,5.0,0.0,B
24 x 325ml,sundrop orange juice 325ml x 24 cans,per serving (),24 , 325ml,100ml,0.0,0.0,0.0,0.0,0.0,0.0,0.0,0.0,0.0,0.0,0.0,0.0,0.0,5.5,0.0,C
3 x 200ml,marks & spencer percy pig fruit juice drink,per serving (),3 , 200ml,,0.0,0.4,0.0,46.0,0.0,0.4,10.3,0.0,10.0,0.0,0.1,0.0,0.0,10.3,0.1,D
330 ml,wolf + wald organic sparkling apple juice,per serving (330),1,330 ml,330,0.0,0.1,0.0,0.0,24.0,0.0,5.5,0.0,0.0,0.0,0.0,0.0,0.0,5.3,0.1,C
250 ml,muno organic 100% sea buckthorn juice,per serving (100),1,250 ml,100,0.0,1.1,0.0,56.0,0.0,2.0,10.4,0.0,20.0,0.0,0.0,0.0,0.0,5.5,0.65,C
6 x 580ml,bomy bomy grape juice,per serving (),6 , 580ml,,0.0,0.0,0.0,0.0,0.0,0.0,0.0,0.0,0.0,0.0,0.0,0.0,0.0,29.0,0.0,D
2l,marigold peel fresh bottle juice - lime,per serving (250ml),1,2l,250ml,0.0,0.0,0.0,110.0,0.0,0.0,27.3,0.0,20.0,0.0,0.0,0.0,0.0,0.0,0.0,A
392g,milkmaid sweetened condensed milk - full cream (high calcium),per serving (20g),1,392g,20g,0.0,1.4,0.0,65.0,0.0,0.0,11.2,0.0,0.0,0.0,0.0,0.0,0.0,0.0,1.6,C
600 g,killiney 3-in-1 white coffee,per serving (1.1g),1,600 g,1.1g,0.0,1.1,0.0,176.0,0.0,0.0,30.0,0.0,21.0,0.0,5.8,0.0,0.0,15.5,0.0,D
200g,nescafe gold original,per 100ml,1,200g,,0.0,0.3,0.0,4.0,0.0,0.0,0.7,0.0,400.0,0.0,0.0,0.0,0.0,0.0,0.0,A
450g,nestle coffeemate creamer - pouch,per serving (6g),1,450g,6g,0.0,0.1,0.0,33.0,0.0,0.0,3.4,0.0,12.0,0.0,0.0,0.0,0.0,0.0,2.1,C
100 x 20g,indocafe 3 in 1 instant coffee mix,per serving (20g),100 , 20g,20g,0.0,0.0,20.0,90.0,0.0,0.0,16.0,0.0,20.0,0.0,1.8,0.0,0.0,10.0,2.0,C
20 x 20g,gold kili traditional kopi o,per serving (20g),20 , 20g,20g,0.0,0.5,0.0,63.0,0.0,0.5,15.5,0.0,8.0,0.0,0.0,0.0,0.0,14.1,0.0,D
630g,super original 3-in-1 coffee,per serving (20g),1,630g,20g,0.0,0.8,0.0,89.0,0.0,0.0,15.8,0.0,18.000000000000004,0.0,2.4,0.0,0.0,0.0,2.4,C
15 x 30g,ah huat white coffee - classic,per serving (30g),15 , 30g,30g,0.0,0.8,0.0,126.0,0.0,0.0,20.8,0.0,52.400000000000006,0.0,3.7,0.0,0.0,13.5,4.4,D
45 x 20g,ye ye 3 in 1 instant coffee mix - regular,per 100ml,45 , 20g,,0.0,0.2,0.0,52.0,0.0,0.2,9.8,0.0,14.0,0.0,1.1,0.0,0.0,5.7,1.2,C
380g,f&n sweetened creamer - rich & creamy,per serving (20g),1,380g,20g,0.0,0.5,0.0,67.0,0.0,0.0,11.7,0.2,0.0,0.0,1.0,0.8,0.2,0.0,2.1,C
30 x 20g,indocafe 3 in 1 instant coffee,per serving (20g),30 , 20g,20g,0.0,0.0,0.0,0.0,0.0,0.0,16.0,0.0,20.0,0.0,1.8,0.0,0.0,10.0,2.0,C
15 x 33g,super 3 in 1 instant charcoal roasted white coffee - hazelnut,per serving (36g),15 , 33g,36g,0.0,1.2,0.0,159.0,0.0,0.0,26.9,0.0,76.0,0.0,5.2,0.0,0.0,0.0,5.2,D
200g,moccona instant coffee - classic (dark roast),per serving (100g),1,200g,100g,0.0,15.1,0.0,135.0,0.0,0.0,6.1,0.0,417.5,0.0,0.1,0.0,0.0,3.3,0.2,B
420g,super 2-in-1 instant coffee - zero sugar,per serving (12g),1,420g,12g,0.0,0.8,0.0,54.0,0.0,0.0,8.0,0.0,2.6000000000000005,0.0,2.0,0.1,0.1,0.0,2.1,C
500g,owl kopitiam roast & ground coffee powder - heritage blend,per serving (7g),1,500g,7g,0.0,0.5,0.0,9.0,0.0,0.0,2.0,0.0,6.0,0.0,0.0,0.0,0.0,0.0,0.0,A
30 x 20g,super 3 in 1 instant coffee - low fat (rich),per serving (20g),30 , 20g,20g,0.0,0.7,0.0,87.0,0.0,0.0,15.4,0.0,17.0,0.0,2.5,0.0,0.0,0.0,2.5,C
20 x 10g,owl kopitiam roast & ground coffee bags - kopi-o kosong,per serving (20g),20 , 10g,20g,0.0,0.4,0.0,11.0,0.0,0.0,2.4,0.0,3.0,0.0,0.0,0.0,0.0,12.9,0.7,D
20 x 17g,gold roast kopi o - reduced sugar,per serving (17g),20 , 17g,17g,0.0,0.0,0.0,40.0,0.0,0.0,10.0,0.0,5.0,0.0,0.0,0.0,0.0,7.5,0.0,C
15 x 35g,super 3 in 1 instant charcoal roasted white coffee - classic,per serving (40g),15 , 35g,40g,0.0,1.4,0.0,180.0,0.0,0.8,30.0,0.0,83.0,0.0,5.8,0.0,0.0,0.0,5.8,D
40 per pack,owl traditional blend coffee bags,per serving (5.5g),1,40 per pack,5.5g,0.0,0.3,0.0,9.0,0.0,0.2,2.0,0.0,11.0,0.0,0.0,0.0,0.0,0.0,0.0,A
12 x 35g,chek hup 3 in 1 instant ipoh white coffee - less sweet,per serving,12 , 35g,,0.0,4.2,0.0,481.0,0.0,0.0,71.2,0.0,0.0,0.5,19.1,0.1,0.0,35.7,19.9,D
20 x 9g,gold roast kopi o - kosong ,per serving (9g),20 , 9g,9g,0.0,1.3,0.0,37.0,0.0,4.9,6.7,0.0,5.0,0.0,0.2,0.0,0.0,0.4,0.5,A
20 x 10g,coffee hock instant coffee-o bags - kosong (strong & refreshing),per serving (10g),20 , 10g,10g,0.0,1.2,0.0,23.0,0.0,4.6,2.4,0.0,12.0,0.0,0.3,0.0,0.0,0.2,0.9,B
50g,nescafe instant soluble coffee jar - gold,per serving (2g),1,50g,2g,0.0,18.0,0.0,6.0,0.0,0.4,0.8,0.0,0.2,0.0,0.0,0.0,0.0,0.0,0.0,A
15 x 40g,ah huat white coffee - extra rich,per serving (40g),15 , 40g,40g,0.0,1.4,0.0,166.0,0.0,0.7,25.2,0.0,44.5,0.0,6.1,0.0,0.0,15.7,6.6,D
30 x 12g,fairprice cafe white 2 in 1 instant coffee - coffee & creamer,per serving (12g),30 , 12g,12g,0.0,0.8,0.0,57.0,0.0,0.3,7.5,0.0,30.0,0.0,2.6,0.0,0.0,1.7,2.6,C
200g,moccona instant coffee - classic 5 (medium roast),per serving (100g),1,200g,100g,0.0,15.1,0.0,135.0,0.0,0.0,6.1,0.0,417.5,0.0,0.1,0.0,0.0,3.3,0.2,B
30 x 17g,owl kopitiam roast & ground coffee bags - kopi-o,per serving (17g),30 , 17g,17g,0.0,0.5,0.0,70.0,0.0,0.2,15.6,0.0,2.0,0.0,0.3,0.0,0.0,12.7,0.6,D
15 x 38g,ah huat white coffee - gold medal,per 100ml,15 , 38g,,0.0,0.6,0.0,78.0,0.0,0.4,12.6,0.0,23.6,0.0,2.8,0.0,0.0,8.6,2.8,C
25 + free 5 x 20g,owl 3 in 1 instant coffee - regular low fat,per serving (20g),25 + free 5 , 20g,20g,0.0,0.7,0.0,86.0,0.0,0.2,2.4,16.4,32.0,0.0,1.9,0.0,0.0,10.0,1.9,C
10 x 52g,lor espresso aluminium coffee capsules - onyx,per serving (100ml),10 , 52g,100ml,0.0,0.2,0.0,1.0,0.0,0.0,0.1,0.0,0.0,0.0,0.0,0.0,0.0,0.0,0.0,A
15 x 30g,owl kopitiam roast & ground coffee bags - kopi siew dai,per serving (30g),15 , 30g,30g,0.0,1.2,0.0,150.0,0.0,0.3,20.7,0.0,41.0,0.0,6.8,0.0,0.0,10.9,7.0,D
100g,nescafe classic,per serving (2g),1,100g,2g,0.0,0.4,0.0,6.0,0.0,0.4,0.8,0.0,0.2,0.0,0.0,0.0,0.0,0.0,0.0,A
20 x 18g,coffee hock 2 in 1 instant coffee-o bags - raw sugar,per serving (10g),20 , 18g,10g,0.0,1.2,0.0,23.0,0.0,4.6,2.4,0.0,12.0,0.0,0.3,0.0,0.0,0.2,0.9,B
12 per pack,starbucks coffee capsules - caramel macchiato,per serving (100g),1,12 per pack,100g,0.0,14.3,0.0,416.0,0.0,10.1,41.7,0.0,400.0,0.0,10.2,0.0,0.0,37.8,17.7,D
20 x 30g,old town nanyang instant white coffee o - sugar added,per serving (100ml),20 , 30g,100ml,0.0,0.6,0.0,59.0,0.0,0.0,13.0,0.0,20.0,0.0,0.2,0.0,0.0,9.0,0.5,C
10 x 52g,lor espresso aluminium capsules - supermo,per serving (100ml),10 , 52g,100ml,0.0,0.2,0.0,1.0,0.0,0.0,0.1,0.0,0.0,0.0,0.0,0.0,0.0,0.0,0.0,A
10 x 52g,lor espresso aluminium capsules - ristretto,per serving (100ml),10 , 52g,100ml,0.0,0.2,0.0,1.0,0.0,0.0,0.1,0.0,0.0,0.0,0.0,0.0,0.0,0.0,0.0,A
20 x 19g,gold roast kopi o - sugar,per serving (19g),20 , 19g,19g,0.0,0.0,0.0,48.0,0.0,0.0,12.0,0.0,6.0,0.0,0.0,0.0,0.0,11.0,0.0,D
20 x 10g,fairprice instant traditional black coffee - kopi-o kosong,per serving (10g),20 , 10g,10g,0.0,1.1,0.0,41.0,0.0,5.1,7.6,0.0,22.0,0.0,0.3,0.0,0.0,2.3,0.7,B
25 x 12g,owl 2 in 1 instant coffee with creamer,per serving (12g),25 , 12g,12g,0.0,0.9,0.0,61.0,0.0,0.1,7.2,0.0,40.0,0.0,3.2,0.0,0.0,1.9,3.2,D
200g,nescafe instant soluble coffee jar - gold intense,per serving 28g,1,200g,,0.0,0.4,0.0,6.0,0.0,0.4,0.8,0.0,0.6,0.0,0.0,0.0,0.0,0.1,0.0,A
240ml,nescafe milk coffee can drink - original,per serving (240),1,240ml,240,0.0,2.4,0.0,99.0,0.0,0.0,18.0,0.0,0.0,0.0,0.0,0.0,0.0,0.0,1.9,C
10 per pack,lor espresso aluminium capsules - india karnataka,per serving (100ml),1,10 per pack,100ml,0.0,0.2,0.0,1.0,0.0,0.0,0.1,0.0,0.0,0.0,0.0,0.0,0.0,0.0,0.0,A
95g,moccona flavour infused coffee - a hint of hazelnut ,per serving (100g),1,95g,100g,0.0,15.1,0.0,135.0,0.0,0.0,6.1,0.0,417.5,0.0,0.1,0.0,0.0,3.3,0.2,B
200g,boncafe whole bean coffee - all day,per serving (13g),1,200g,13g,0.0,2.0,0.13499999999999998,60.0,443.0,6.0,9.0,0.0,0.0,0.0,1.0,0.0,0.0,0.0,1.5,C
200g,boncafe whole bean coffee - espresso,per serving (13g),1,200g,13g,0.0,0.9,0.0,7.0,0.0,0.2,0.9,0.0,4.0,0.0,0.0,0.0,0.0,0.0,0.0,A
50g,boncafe instant coffee powder - decaffeinated,per serving (100g),1,50g,100g,0.0,15.9,0.0,286.0,0.0,15.2,54.8,0.0,356.0,0.0,0.2,0.0,0.0,11.5,0.4,D
20 x 18g,gold kili 2 in 1 instant white coffee - espressccino  ,per serving (100g),20 , 18g,100g,0.0,1.0,0.0,90.0,0.0,1.0,11.0,0.0,25.0,0.0,4.0,0.0,0.0,2.0,4.5,D
10 x 52g,lor espresso aluminium coffee capsules - ristretto (decafinated),per serving (100ml),10 , 52g,100ml,0.0,0.2,0.0,1.0,0.0,0.0,0.1,0.0,0.0,0.0,0.0,0.0,0.0,0.0,0.0,A
16 x 8g,nescafe dolce gusto beverage capsules - espresso intenso,per serving (50ml),16 , 8g,50ml,0.0,0.4,0.0,4.0,0.0,0.0,0.0,0.0,0.0,0.0,0.1,0.0,0.0,0.0,0.1,A
225 g,killiney killiney kopi-o kosong,per serving (2g),1,225 g,2g,0.0,2.0,0.0,0.0,0.0,1.3,9.7,0.0,37.0,0.0,0.6,0.0,0.0,0.8,1.2,B
200g,boncafe whole bean coffee - mocca,per serving (13g),1,200g,13g,0.0,0.9,0.0,7.0,0.0,0.2,1.1,0.0,4.0,0.0,0.0,0.0,0.0,0.0,0.0,A
200g,boncafe ground coffee powder - colombiana,per serving (13g),1,200g,13g,0.0,0.0,0.0,0.0,0.0,6.0,9.0,0.0,0.0,0.0,1.0,0.0,0.0,0.0,1.5,C
30 x 20g,indocafe 3 in 1 instant coffee mix - special blend,per serving (55g),30 , 20g,55g,0.0,8.0,0.0,0.0,0.0,0.0,1.0,45.0,280.0,0.0,0.5,0.0,0.0,1.0,1.0,B
10 pc,punto italia espresso nespresso coffee pods intenso,per serving (100g),1,10 pc,100g,0.0,0.0,0.0,0.0,0.0,0.0,0.0,0.0,0.0,0.0,0.0,0.0,0.0,0.0,0.0,A
100g,ucc the blend instant coffee powder - 118 (strong),per serving,1,100g,,0.0,0.4,0.0,6.8,0.0,0.0,1.3,0.0,800.0,0.0,0.0,0.0,0.0,0.0,0.0,A
112 g,ucc craftsman's coffee drip cof sweet fragrance rich blend 16,per serving (),1,112 g,,0.0,0.0,0.0,0.0,0.0,0.0,0.0,0.0,0.0,0.0,0.0,0.0,0.0,0.0,0.0,A
330 g,killiney kopi-o siew dai,per serving (2.8g),1,330 g,2.8g,0.0,2.8,0.0,0.0,0.0,2.2,14.3,0.0,36.00000000000001,0.0,0.7,0.0,0.0,10.3,1.5,D
112 g,ucc craftsman's coffee drip coffee deep rich special blend 16,per serving (),1,112 g,,0.0,0.0,0.0,0.0,0.0,0.0,0.0,0.0,0.0,0.0,0.0,0.0,0.0,0.0,0.0,A
12 pc,punto italia espresso dolce gusto coffee pods cappuccino,per serving (100g),1,12 pc,100g,0.0,0.0,0.0,0.0,0.0,0.0,0.0,0.0,0.0,0.0,0.0,0.0,0.0,8.16,2.2,C
100g,moccona classic freeze dried instant coffee - dark roast,per serving (100g),1,100g,100g,0.0,15.1,0.0,135.0,0.0,0.0,6.1,0.0,417.5,0.0,0.1,0.0,0.0,3.3,0.2,B
10 pc,punto italia espresso nespresso coffee pods lungo crema,per serving (100g),1,10 pc,100g,0.0,0.0,0.0,0.0,0.0,0.0,0.0,0.0,0.0,0.0,0.0,0.0,0.0,0.0,0.0,A
10 pc,podista nespresso coffee pods supremo,per serving (100g),1,10 pc,100g,0.0,0.0,0.0,0.0,0.0,0.0,0.0,0.0,0.0,0.0,0.0,0.0,0.0,0.0,0.0,A
12 pc,punto italia espresso dolce gusto coffee pods superiore,per serving (100g),1,12 pc,100g,0.0,0.0,0.0,0.0,0.0,0.0,0.0,0.0,0.0,0.0,0.0,0.0,0.0,0.0,0.0,A
90 g,ucc craftsman's coffee instant coffee bittersweet taste,per serving (),1,90 g,,0.0,0.0,0.0,0.0,0.0,0.0,0.0,0.0,0.0,0.0,0.0,0.0,0.0,0.0,0.0,A
1 x 200g,bru original,per serving (),1 , 200g,,0.0,0.0,0.0,0.0,0.0,0.0,1.0,0.0,0.0,0.0,0.0,0.0,0.0,0.0,0.0,A
20 x 465g (ctn),nescafe instant ipoh white coffee - gao siew dai,per serving (31g),20 , 465g (ctn),31g,0.0,0.5,0.0,139.0,0.0,0.0,24.2,0.0,0.0,0.0,0.0,0.0,0.0,0.0,4.5,D
480 g,mycofe 3 in 1 ipoh white coffee,per serving (40),1,480 g,40,0.0,1.0,0.0,180.0,0.0,0.0,30.0,0.0,0.0,0.0,0.0,0.0,0.0,24.0,6.0,D
2 x 100g,ucc the blend 118 strong taste instant coffee,per serving (),2 , 100g,,0.0,0.0,0.0,0.0,0.0,0.0,0.0,0.0,0.0,0.0,0.0,0.0,0.0,0.0,0.0,A
80 g,agf maxim freeze dried instant coffee bottle,per serving (),1,80 g,,0.0,0.0,0.0,0.0,0.0,0.0,0.0,0.0,0.0,0.0,0.0,0.0,0.0,0.0,0.0,A
100g,moccona instant coffee - espreso style,per serving (100g),1,100g,100g,0.0,15.1,0.0,135.0,0.0,0.0,6.1,0.0,417.5,0.0,0.1,0.0,0.0,3.3,0.2,B
3 x 180ml,137 degrees iced coffee latte with almond milk,per serving (),3 , 180ml,,0.0,2.0,0.0,0.0,0.0,0.0,7.0,0.0,30.0,0.0,1.5,0.0,0.0,4.0,5.0,D
3,killiney 2-in-1 white coffee trio bundle,per serving (1.3g),1,3,1.3g,0.0,1.3,0.0,138.0,0.0,0.0,18.9,0.0,25.0,0.0,6.4,0.0,0.0,1.7,0.0,B
15 x 25g,gold choice instant white coffee - cappuccino,per serving (),15 , 25g,,0.0,1.0,0.0,0.0,0.0,1.0,19.0,0.0,19.0,0.0,4.0,0.0,0.0,13.0,4.0,D
10 x 30g,yes natural instant coffee - brown rice,per serving (100g),10 , 30g,100g,0.0,4.0,0.36,140.0,0.0,1.0,0.02,0.0,20.0,0.0,4.5,0.0,0.0,4.0,4.5,D
100g,boncafe instant coffee powder - decafeinated,per serving (2g),1,100g,2g,0.0,0.3,0.0,6.0,0.0,0.3,1.1,0.0,7.0,0.0,0.0,0.0,0.0,0.2,0.0,A
120 g,killiney kopi latte (dolce gusto compatible capsule pods),per serving (12),1,120 g,12,0.0,0.3,0.0,54.0,0.0,0.2,9.1,0.0,10.0,0.0,1.9,0.0,0.0,4.2,0.0,B
500 g,kim guan guan singapore original traditional coffee powder,per serving (250),1,500 g,250,0.0,0.6,0.0,8.0,0.0,0.1,1.5,0.0,5.0,0.0,0.0,0.0,0.0,0.0,0.0,A
250 g,cafe specialists traditional kopi shop ground coffee powder,per serving (2.5g),1,250 g,2.5g,0.0,2.5,0.0,50.0,0.0,0.0,12.5,0.0,25.0,0.0,0.0,0.0,0.0,0.0,0.0,A
108 g,agf blendy potion coffee 6p,per serving (),1,108 g,,0.0,0.3,0.0,9.0,0.0,0.0,2.0,0.0,50.0,0.0,0.0,0.0,0.0,0.0,0.0,A
250 g,illy ground espresso decaf classico coffee - medium roast,per serving (100g),1,250 g,100g,0.0,14.0,0.0,313.0,0.0,0.0,10.0,0.0,20.0,0.0,3.2,0.0,0.0,0.0,11.0,D
414 g,frenche roast indulgence tiramisu latte,per serving (),1,414 g,,0.0,1.1,0.0,96.0,0.0,0.0,18.3,0.0,0.0,0.0,0.0,0.0,0.0,15.4,2.0,D
10 pc,punto italia espresso nespresso choco pods cioccolata classic,per serving (100g),1,10 pc,100g,0.0,0.0,0.0,0.0,0.0,0.0,0.0,0.0,0.0,0.0,0.0,0.0,0.0,4.9,0.35,B
250 g,illy whole bean arabica selection guatemala,per serving (100g),1,250 g,100g,0.0,17.0,0.0,344.0,0.0,0.0,12.0,0.0,0.0,0.0,6.2,0.0,0.0,0.0,14.0,D
12 pc,punto italia espresso dolce gusto coffee pods intenso,per serving (100g),1,12 pc,100g,0.0,0.0,0.0,0.0,0.0,0.0,0.0,0.0,0.0,0.0,0.0,0.0,0.0,0.0,0.0,A
500 g,giovannini speciale n.1 - fresh espresso coffee beans,per serving (),1,500 g,,0.0,0.0,0.0,0.0,0.0,0.0,0.0,0.0,0.0,0.0,0.0,0.0,0.0,0.0,0.0,A
300 g,biogreen biogreen dream coffee oatmilk,per serving (),1,300 g,,0.0,4.0,0.0,117.0,0.0,0.7,23.3,0.0,14.400000000000002,0.0,0.1,0.0,0.0,8.7,0.7,C
3 x 330g,killiney kopi-o siew dai trio,per serving (22),3 , 330g,22,0.0,2.8,0.0,0.0,0.0,2.2,14.3,0.0,36.00000000000001,0.0,0.7,0.0,0.0,10.3,1.5,D
10 pc,punto italia espresso nespresso tea pods earl grey,per serving (100g),1,10 pc,100g,0.0,0.0,0.0,0.0,0.0,0.0,0.0,0.0,0.0,0.0,0.0,0.0,0.0,0.0,0.0,A
10 pc,punto italia espresso nespresso coffee pods decaffeinato,per serving (100g),1,10 pc,100g,0.0,0.0,0.0,0.0,0.0,0.0,0.0,0.0,0.0,0.0,0.0,0.0,0.0,0.0,0.0,A
12 x 20g,yit foh tenom kopi o - 2in1,per serving (20g),12 , 20g,20g,0.0,0.0,0.0,0.0,0.0,0.0,18.0,0.0,66.0,0.0,0.0,0.0,0.0,11.0,0.3,D
200ml,minor figures nitro cold brew black,per serving (200),1,200ml,200,0.0,0.0,0.0,0.0,0.0,0.0,0.0,0.0,0.0,0.0,0.0,0.0,0.0,0.0,0.0,A
200ml,minor figures nitro cold brew latte,per serving (200),1,200ml,200,0.0,1.2,0.0,119.0,0.0,0.0,18.2,0.0,200.0,0.0,0.6,0.0,0.0,8.0,4.4,D
1 kg,daroma palombini gran bar italian whole roasted coffee beans,per serving (),1,1 kg,,0.0,0.0,0.0,0.0,0.0,0.0,0.0,0.0,0.0,0.0,0.0,0.0,0.0,0.0,0.0,A
5 x 10g,indocafe the sumatra mandheling drip coffee pouch,per serving (),5 , 10g,,0.0,0.0,0.0,0.0036,0.0,0.0,0.6,0.0,0.0,0.0,0.0,0.0,0.0,0.0,0.0,A
80.5 g,agf blendy cafe latory stick 7p thick creamy cappuccino,per serving (),1,80.5 g,,0.0,0.59,0.0,60.0,0.0,0.0,6.9,0.0,200.0,0.0,0.0,0.0,0.0,0.0,3.3,D
12 x 25g,aik cheong caf art latte 12s,per serving (),12 , 25g,,6.0,2.0,0.0,110.0,0.0,1.0,19.0,0.0,52.00000000000001,0.0,2.0,0.0,0.0,9.0,2.0,C
20 x 25g,gold choice charcoal roasted traditional black coffee - kopi,per serving (0.3g),20 , 25g,0.3g,0.0,0.3,0.0,90.0,0.0,0.0,21.1,0.0,0.0,0.0,0.0,0.0,0.0,0.0,0.5,A
12 x 250g,illy whole bean intenso roast - carton,per serving (100g),12 , 250g,100g,0.0,17.0,0.0,344.0,0.0,0.0,12.0,0.0,0.0,0.0,6.2,0.0,0.0,0.0,14.0,D
1 x 1kg,universal caffe extra coffee beans,per serving (),1 , 1kg,,0.0,17.0,0.0,90.0,0.0,0.0,66.0,0.0,0.0,0.0,4.9,0.0,0.0,0.0,11.0,D
4 x 300ml,sundrop black coffee (300ml x 4 cans) - pack of 2,per serving (),4 , 300ml,100ml,0.0,0.0,0.0,0.0,0.0,0.0,0.0,0.0,0.0,0.0,0.0,0.0,0.0,0.0,0.0,A
24 x 300ml,sundrop black coffee (kopi o kaw) 300ml x 24 cans,per serving (),24 , 300ml,100ml,0.0,0.0,0.0,0.0,0.0,0.0,0.0,0.0,0.0,0.0,0.0,0.0,0.0,0.0,0.0,A
250 g,sunday organic guatemala medium roasted coffee beans,per serving (),1,250 g,,0.0,0.0,0.0,0.0,0.0,0.0,0.0,0.0,0.0,0.0,0.0,0.0,0.0,0.0,0.0,A
30 x 25g,indocafe ginger coffeemix,per serving (),30 , 25g,,0.0,1.0,0.0,110.0,0.0,2.0,21.0,0.0,10.0,0.0,2.5,0.0,0.0,16.0,2.5,D
30 x 240ml,javacafe iced latte coffee drink - case,per serving (3g),30 , 240ml,3g,0.0,3.0,0.0,140.0,0.0,0.0,25.0,0.0,40.0,0.0,0.0,0.0,0.0,19.0,3.0,D
250 g,ucc gold special roasted coffee beans rich blend,per serving (),1,250 g,,0.0,0.0,0.0,0.0,0.0,0.0,0.0,0.0,0.0,0.0,0.0,0.0,0.0,0.0,0.0,A
120 g,agf slightly luxurious coffee shop special blend coffee,per serving (),1,120 g,,0.0,0.0,0.0,0.0,0.0,0.0,0.0,0.0,0.0,0.0,0.0,0.0,0.0,0.0,0.0,A
4 x 300ml,sundrop milk coffee (300ml x 4 cans) - pack of 2,per serving (),4 , 300ml,100ml,0.0,0.0,0.0,0.0,0.0,0.0,0.0,0.0,0.0,0.0,0.0,0.0,0.0,4.9,0.0,B
16 x 18g,alor original white coffee (2 in 1),per serving (),16 , 18g,,0.0,0.8,0.0,385.0,0.0,0.0,8.6,0.0,0.0,0.0,1.25,0.0,0.0,1.18,5.1,D
8 pc,best choice strong black coffee (no sugar),per serving (),1,8 pc,,0.0,0.8,0.0,12.0,0.0,2.6,1.5,0.0,8.0,0.0,2.0,0.0,0.0,0.2,3.0,D
160 g,foodness cappuccino (no added sugar),per serving (),1,160 g,,0.0,0.1,0.0,3.5,0.0,0.1,0.7,0.0,0.0,0.0,0.1,0.0,0.0,0.1,0.1,A
126 g,marks & spencer fairtrade instant cappuccino sachets,per serving (),1,126 g,,0.0,14.4,0.0,424.0,0.0,3.9,60.5,0.0,1130.0,0.0,11.6,0.0,0.0,46.9,12.9,D
5760 ml,bifido just drink-can-latte 24 x 240ml,per serving (100ml),1,5760 ml,100ml,4.7,1.9,0.0,64.0,0.0,0.0,9.6,3.0,76.0,0.0,1.4,0.0,0.0,7.5,2.0,C
6 x 210g,bernachon bernachon coffee-charcoal roasted bundle pack,per serving (),6 , 210g,,0.0,3.4,0.0,0.0,0.0,0.0,0.0,0.0,0.0,0.0,0.0,0.0,0.0,15.1,3.2,D
120 g,foodness dolce gusto golden milk with turmeric,per serving (),1,120 g,,0.0,0.0,0.0,2.9,0.0,0.0,0.7,0.0,0.0,0.0,0.1,0.0,0.0,0.0,0.1,A
30 x 2g,gold choice dual freeze black coffee - cold brew sensation,per serving (),30 , 2g,,0.0,0.0,0.0,5.0,0.0,0.0,1.0,0.0,0.0,0.0,0.0,0.0,0.0,0.0,0.0,A
250 g,illy ground espresso intenso coffee - dark roast,per serving (100g),1,250 g,100g,0.0,17.0,0.0,344.0,0.0,0.0,12.0,0.0,0.0,0.0,6.2,0.0,0.0,0.0,14.0,D
10 pc,punto italia espresso nespresso coffee pods organic arabica,per serving (100g),1,10 pc,100g,0.0,0.0,0.0,0.0,0.0,0.0,0.0,0.0,0.0,0.0,0.0,0.0,0.0,0.0,0.0,A
131 g,illy e.s.e pods coffee - classico roast - 18 serving,per serving (100g),1,131 g,100g,0.0,17.0,0.0,344.0,0.0,0.0,12.0,0.0,0.0,0.0,6.2,0.0,0.0,0.0,14.0,D
240 x 40g (ctn),chek hup 3 in 1 instant ipoh white coffee - original,per serving,240 , 40g (ctn),,0.0,3.4,0.0,481.0,0.0,0.0,72.0,0.0,0.0,0.0,19.8,0.1,0.0,47.6,19.9,D
500 g,sunday charcoal roasted arabica dark roast coffee beans,per serving (),1,500 g,,0.0,0.0,0.0,0.0,0.0,0.0,0.0,0.0,0.0,0.0,0.0,0.0,0.0,0.0,0.0,A
6 x 1s,top cappuccino instant coffee mix - choco malt 6s,per serving (110kcal),6 , 1s,110kcal,0.0,1.0,65.0,0.0,110.0,0.0,19.0,0.0,50.0,0.0,3.5,0.0,0.0,14.0,3.5,D
200 ml,origina double espresso caramel macchiato 200ml,per serving (),1,200 ml,100ml,0.0,2.6,0.0,0.0,0.0,0.0,9.2,0.0,45.3,0.0,1.5,0.0,0.0,4.3,1.6,C
18 pc,el coffee brown rice  beverage,per serving (),1,18 pc,,0.0,4.9,0.0,425.0,0.0,4.8,82.5,0.0,33.7,0.2,7.8,0.0,0.0,44.4,8.4,D
1 x 200g,foodness nutty (hazelnut) coffee,per serving (),1 , 200g,,0.0,0.1,0.0,3.2,0.0,0.1,0.7,0.0,0.0,0.0,0.1,0.0,0.0,0.0,0.1,A
6 x 260g,ucc the coffee deep roasted coffee low sugar,per serving (0.5g),6 , 260g,0.5g,0.0,0.5,0.0,17.0,0.0,0.0,3.3,0.0,40.0,0.0,0.0,0.0,0.0,0.0,0.2,A
8 pc,best choice black coffee (raw sugar),per serving (1),1,8 pc,1,0.0,0.9,0.0,64.0,0.0,2.1,14.1,0.0,18.000000000000004,0.0,0.2,0.0,0.0,8.6,0.5,C
240 g,everyday low gi instant coffee,per serving (),1,240 g,,0.0,0.9,0.0,90.0,0.0,1.6,14.1,0.0,27.0,0.0,3.0,0.1,0.0,2.7,3.1,D
30 x 240ml,javacafe iced mocha coffee drink - case,per serving (3g),30 , 240ml,3g,0.0,3.0,0.0,140.0,0.0,0.0,25.0,0.0,40.0,0.0,0.0,0.0,0.0,19.0,3.0,D
6 x 185g,ucc blended coffee cafe au lait low calorie,per serving (),6 , 185g,,0.0,0.5,0.0,14.0,0.0,0.0,2.2,0.0,20.0,0.0,0.0,0.0,0.0,0.0,0.4,A
250 g,cafe specialists traditional signature ground coffee powder,per serving (2.5g),1,250 g,2.5g,0.0,2.5,0.0,50.0,0.0,0.0,10.0,0.0,50.0,0.0,0.0,0.0,0.0,0.0,0.0,A
270 g,mycofe long black o,per serving (18),1,270 g,18,0.0,0.9,0.0,70.0,0.0,1.2,16.5,0.0,17.4,0.0,0.0,0.0,0.0,14.8,0.0,D
6 x 260g,ucc blended coffee luxurious cafe au lait,per serving (),6 , 260g,,0.0,0.6,0.0,40.0,0.0,0.0,7.8,0.0,20.0,0.0,0.0,0.0,0.0,0.0,0.7,B
6 x 185g,ucc black 100% roasted coffee sugar free,per serving (),6 , 185g,,0.0,0.0,0.0,0.0,0.0,0.0,0.0,0.0,0.0,0.0,0.0,0.0,0.0,0.0,0.0,A
120 g,agf slightly luxurious coffee shop instant coffee modern blen,per serving (),1,120 g,,0.0,0.0,0.0,0.0,0.0,0.0,0.0,0.0,0.0,0.0,0.0,0.0,0.0,0.0,0.0,A
