Drink Volume,Drink Name,Attributes,Energy,Protein,Total Fat,Carbohydrate,Calcium,Vitamin A,Vitamin B1,Vitamin D3,Carbohydrates,Saturated Fat,Sugars,Sodium,Calories,Total Sugars,Energy from Fat,Trans Fat,Cholesterol,Total Carbohydrates,Dietary Fibre,Calories from Fat,Monounsaturated Fat,Polyunsaturated Fat,Total Carbohydrate,Total Sugar,Monounsaturated Fatty Acid,Polyunsaturated Fatty Acid,Saturated Fatty Acid,Trans Fatty Acid,Salt,Cholestrol,Unsaturated Fat,Lactose,Sucrose,Calories From Fat,Saturated,Vitamin C,Iron,Fats,Natrium,Sugar,Fat,Trans fat,Dietary Fiber,Total fat,Saturated fat,Omega 6,Carbohyrate,Lipids,Salt equivalent,Phosphrous,Calorie,Potassium,Polyphenois,Caffeine,Per,Saturates Fat,Total Carb,Total Fats,Saturated Fats,Added Sugar,Caffeine Content,Per Serving,SaturatedFat,of which saturated fats,of which sugars,Fibres,Fibre,Serving Per,Added Sugars,Vitamin D,Total Calorieso,Calories From Saturated Fat,Salt (Sodium),Serving,TotalSugers,Monosaturated Fat,Satutated Fat,Total Dietary Fiber,Enery
392g,Milkmaid Sweetened Condensed Milk - Full Cream (High Calcium),Per Serving (20g),65kcal,1.4g,1.6g,11.2g,52mg,42µg,0.2mg,0.6µg,,,,,,,,,,,,,,,,,,,,,,,,,,,,,,,,,,,,,,,,,,,,,,,,,,,,,,,,,,,,,,,,,,,,,,,
600 G,Killiney 3-in-1 White Coffee,Per Serving (1.1g),,1.1g,,,,,,,30g,5.8g,15.5g,21mg,176kcal,,,,,,,,,,,,,,,,,,,,,,,,,,,,,,,,,,,,,,,,,,,,,,,,,,,,,,,,,,,,,,,,,,
200g,Nescafe Gold Original,Per 100ml,4kcal,0.3g,0.0g,0.7g,,,,,,,,0.4g,,0.0g,,,,,,,,,,,,,,,,,,,,,,,,,,,,,,,,,,,,,,,,,,,,,,,,,,,,,,,,,,,,,,,,,
450g,Nestle Coffeemate Creamer - Pouch,Per Serving (6g),33kcal,0.1g,2.1g,3.4g,,,,,,,,12mg,,,,,,,,,,,,,,,,,,,,,,,,,,,,,,,,,,,,,,,,,,,,,,,,,,,,,,,,,,,,,,,,,,,
100 x 20g,Indocafe 3 in 1 Instant Coffee Mix,Per Serving (20g),90kcal,< 1g,2g,,,,,,,1.8g,10g,20mg,,,20kcal,0g,0mg,16g,0g,,,,,,,,,,,,,,,,,,,,,,,,,,,,,,,,,,,,,,,,,,,,,,,,,,,,,,,,,,,,
20 x 20g,Gold Kili Traditional Kopi O,Per Serving (20g),,0.5g,0g,15.5g,0.3%,,,,,0g,14.1g,8mg,63kcal,,,0g,0mg,,0.5g,0kcal,,,,,,,,,,,,,,,,,,,,,,,,,,,,,,,,,,,,,,,,,,,,,,,,,,,,,,,,,,,
630g,Super Original 3-in-1 Coffee,Per Serving (20g),89kcal,0.8g,2.4g,15.8g,,,,,,2.4g,,18mg,,,,0g,,,,,0g,0g,,,,,,,,,,,,,,,,,,,,,,,,,,,,,,,,,,,,,,,,,,,,,,,,,,,,,,,,,
15 x 30g,Ah Huat White Coffee - Classic,Per Serving (30g),126kcal,0.8g,4.4g,,,,,,,3.7g,13.5g,52.4mg,,,,0g,0mg,,0g,,,,20.8g,,,,,,,,,,,,,,,,,,,,,,,,,,,,,,,,,,,,,,,,,,,,,,,,,,,,,,,,
45 x 20g,Ye Ye 3 in 1 Instant Coffee Mix - Regular,Per 100ml,52kcal,0.2g,1.2g,9.8g,,,,,,1.1g,,14mg,,,,0.0g,0mg,,0.2g,,,,,5.7g,,,,,,,,,,,,,,,,,,,,,,,,,,,,,,,,,,,,,,,,,,,,,,,,,,,,,,,
380g,F&N Sweetened Creamer - Rich & Creamy,Per Serving (20g),67kcal,0.5g,2.1g,11.7g,,,,,,,,,,,,,0.2mg,,,,,,,,0.8g,0.2g,1.0g,0.0g,,,,,,,,,,,,,,,,,,,,,,,,,,,,,,,,,,,,,,,,,,,,,,,,,,,
30 x 20g,Indocafe 3 in 1 Instant Coffee,Per Serving (20g),,< 1g,2g,16g,,,,,,1.8g,10g,20mg,90cal,,,0g,0mg,,0g,20cal,,,,,,,,,,,,,,,,,,,,,,,,,,,,,,,,,,,,,,,,,,,,,,,,,,,,,,,,,,,
15 x 33g,Super 3 in 1 Instant Charcoal Roasted White Coffee - Hazelnut,Per Serving (36g),159kcal,1.2g,5.2g,26.9g,,,,,,5.2g,,76mg,,,,0g,,,,,0g,0g,,,,,,,,,,,,,,,,,,,,,,,,,,,,,,,,,,,,,,,,,,,,,,,,,,,,,,,,,
200g,Moccona Instant Coffee - Classic (Dark Roast),Per Serving (100g),135kcal,15.1g,0.2g,6.1g,,,,,,0.1g,3.3g,,,,,,,,,,,,,,,,,,0.4175g,,,,,,,,,,,,,,,,,,,,,,,,,,,,,,,,,,,,,,,,,,,,,,,,,,
420g,Super 2-In-1 Instant Coffee - Zero Sugar,Per Serving (12g),54kcal,0.8g,2.1g,8g,,,,,,2g,,2.6mg,,,,0g,,,,,0.1g,0.1g,,,,,,,,,,,,,,,,,,,,,,,,,,,,,,,,,,,,,,,,,,,,,,,,,,,,,,,,,
500g,Owl Kopitiam Roast & Ground Coffee Powder - Heritage Blend,Per Serving (7g),9kcal,0.5g,0g,2g,,,,,,0g,0g,6mg,,,,0g,,,0g,,,,,,,,,,,0mg,,,,,,,,,,,,,,,,,,,,,,,,,,,,,,,,,,,,,,,,,,,,,,,,,
30 x 20g,Super 3 in 1 Instant Coffee - Low Fat (Rich),Per Serving (20g),87kcal,0.7g,2.5g,15.4g,,,,,,2.5g,,17mg,,,,0g,,,,,0g,0g,,,,,,,,,,,,,,,,,,,,,,,,,,,,,,,,,,,,,,,,,,,,,,,,,,,,,,,,,
20 x 10g,Owl Kopitiam Roast & Ground Coffee Bags - Kopi-O Kosong,Per Serving (20g),11kcal,0.4g,0.7g,2.4g,,,,,,0g,12.9g,3mg,,,,0g,0mg,,0g,,,,,,,,,,,,,,,,,,,,,,,,,,,,,,,,,,,,,,,,,,,,,,,,,,,,,,,,,,,,
20 x 17g,Gold Roast Kopi O - Reduced Sugar,Per Serving (17g),40kcal,0g,0g,10g,,,,,,0g,7.5g,5mg,,,,0g,0mg,,0g,,,,,,,,,,,,,,,,,,,,,,,,,,,,,,,,,,,,,,,,,,,,,,,,,,,,,,,,,,,,
15 x 35g,Super 3 in 1 Instant Charcoal Roasted White Coffee - Classic,Per Serving (40g),180kcal,1.4g,5.8g,30g,,,,,,5.8g,,83mg,,,,0g,,,0.8g,,0g,0g,,,,,,,,,,,,,,,,,,,,,,,,,,,,,,,,,,,,,,,,,,,,,,,,,,,,,,,,,
40 per pack,Owl Traditional Blend Coffee Bags,Per Serving (5.5g),9kcal,0.3g,0g,2g,,,,,,0g,0g,11mg,,,,0g,0mg,,0.2g,,,,,,,,,,,,,,,,,,,,,,,,,,,,,,,,,,,,,,,,,,,,,,,,,,,,,,,,,,,,
12 x 35g,Chek Hup 3 in 1 Instant Ipoh White Coffee - Less Sweet,Per Serving,481kcal,4.2g,19.9g,71.2g,,,,,,19.1g,35.7g,,,,,0.5g,,,,,0.1g,0g,,,,,,,,,,,,,,,,,,,,,,,,,,,,,,,,,,,,,,,,,,,,,,,,,,,,,,,,,
20 x 9g,Gold Roast Kopi O - Kosong ,Per Serving (9g),37kcal,1.3g,0.5g,6.7g,,,,,,0.2g,0.4g,5mg,,,,0g,0mg,,4.9g,,,,,,,,,,,,,,,,,,,,,,,,,,,,,,,,,,,,,,,,,,,,,,,,,,,,,,,,,,,,
20 x 10g,Coffee Hock Instant Coffee-O Bags - Kosong (Strong & Refreshing),Per Serving (10g),23kcal,1.2g,0.9g,2.4g,,,,,,0.3g,0.2g,12mg,,,,,0mg,,4.6g,,,,,,,,,,,,,,,,,,,,,,,,,,,,,,,,,,,,,,,,,,,,,,,,,,,,,,,,,,,,
50g,Nescafe Instant Soluble Coffee Jar - Gold,Per Serving (2g),6kcal,18g,0g,0.8g,,,,,,,,0.2mg,,,,,0mg,,0.4g,,,,,,,,,,,,,,,,,,,,,,,,,,,,,,,,,,,,,,,,,,,,,,,,,,,,,,,,,,,,
15 x 40g,Ah Huat White Coffee - Extra Rich,Per Serving (40g),166kcal,1.4g,6.6g,,,,,,,6.1g,15.7g,44.5mg,,,,0.0g,0mg,25.2g,0.7g,,,,,,,,,,,,,,,,,,,,,,,,,,,,,,,,,,,,,,,,,,,,,,,,,,,,,,,,,,,,
30 x 12g,FairPrice Cafe White 2 in 1 Instant Coffee - Coffee & Creamer,Per Serving (12g),57kcal,0.8g,2.6g,7.5g,,,,,,2.6g,,30mg,,,,0.0g,0mg,,0.3g,,,,,1.7g,,,,,,,,,,,,,,,,,,,,,,,,,,,,,,,,,,,,,,,,,,,,,,,,,,,,,,,
200g,Moccona Instant Coffee - Classic 5 (Medium Roast),Per Serving (100g),135kcal,15.1g,0.2g,6.1g,,,,,,0.1g,3.3g,,,,,,,,,,,,,,,,,,0.4175g,,,,,,,,,,,,,,,,,,,,,,,,,,,,,,,,,,,,,,,,,,,,,,,,,,
30 x 17g,Owl Kopitiam Roast & Ground Coffee Bags - Kopi-O,Per Serving (17g),70kcal,0.5g,0.6g,15.6g,,,,,,0.3g,12.7g,2mg,,,,0g,0mg,,0.2g,,,,,,,,,,,,,,,,,,,,,,,,,,,,,,,,,,,,,,,,,,,,,,,,,,,,,,,,,,,,
15 x 38g,Ah Huat White Coffee - Gold Medal,Per 100ml,78kcal,0.6g,2.8g,,,,,,,2.8g,8.6g,23.6mg,,,,0g,0mg,12.6g,0.4g,,,,,,,,,,,,,,,,,,,,,,,,,,,,,,,,,,,,,,,,,,,,,,,,,,,,,,,,,,,,
6 x 240ml,Pokka Coffee Can Drink - Milk Coffee (Less Sugar),Per Serving,106kcal,2.4g,,22.1g,,,,,,,19.4g,86mg,,,,,,,,,,,,,,,,,,,,,,,,,,,,,,,,,,,,,,,,,,,,,,,,,,,,,,,,,,,,,,,,,,,
25 + free 5 x 20g,Owl 3 in 1 Instant Coffee - Regular Low Fat,Per Serving (20g),86kcal,0.7g,1.9g,2.4g,,,,,,1.9g,10g,32mg,,,,0g,16.4mg,,0.2g,,,,,,,,,,,,,,,,,,,,,,,,,,,,,,,,,,,,,,,,,,,,,,,,,,,,,,,,,,,,
10 x 52g,Lor Espresso Aluminium Coffee Capsules - Onyx,Per Serving (100ml),1kcal,0.2g,,0.1g,,,,,,,,,,,,,,,,,,,,,,,,,,,,,,,,,,,,,,,,,,,,,,,,,,,,,,,,,,,,,,,,,,,,,,,,,,,
15 x 30g,Owl Kopitiam Roast & Ground Coffee Bags - Kopi Siew Dai,Per Serving (30g),150kcal,1.2g,7g,20.7g,,,,,,6.8g,10.9g,41mg,,,,0g,0mg,,0.3g,,,,,,,,,,,,,,,,,,,,,,,,,,,,,,,,,,,,,,,,,,,,,,,,,,,,,,,,,,,,
100g,Nescafe Classic,Per Serving (2g),6kcal,0.4g,0g,0.8g,,,,,,0g,0g,0.2mg,,,,0g,0mg,,0.4g,,,,,,,,,,,,0g,,,,,,,,,,,,,,,,,,,,,,,,,,,,,,,,,,,,,,,,,,,,,,,,
20 x 18g,Coffee Hock 2 in 1 Instant Coffee-O Bags - Raw Sugar,Per Serving (10g),23kcal,1.2g,0.9g,2.4g,,,,,,0.3g,0.2g,12mg,,,,,0mg,,4.6g,,,,,,,,,,,,,,,,,,,,,,,,,,,,,,,,,,,,,,,,,,,,,,,,,,,,,,,,,,,,
16 x 16g,Nescafe Dolce Gusto Beverage Capsules - Chococino,Per Serving (100g),441kcal,14.42g,15.99g,55.62g,,,,,,9.59g,53.93g,159.6mg,,,,0.61g,59.66mg,,4.62g,,3.68g,0.55g,,,,,,,,,,,,,,,,,,,,,,,,,,,,,,,,,,,,,,,,,,,,,,,,,,,,,,,,,
12 per pack,Starbucks Coffee Capsules - Caramel Macchiato,Per Serving (100g),416kcal,14.3g,17.7g,,,,,,41.7g,10.2g,37.8g,,,,,,,,10.1g,,,,,,,,,,0.4g,,,,,,,,,,,,,,,,,,,,,,,,,,,,,,,,,,,,,,,,,,,,,,,,,,
16 x 12g,Nescafe Dolce Gusto Beverage Capsules - Latte Macchiato,Per Serving (220ml),98kcal,4.5g,4.5g,9.6g,,,,,,3g,8.3g,59.2mg,,,,0g,17mg,,0.5g,,,,,,,,,,,,,,,,,,,,,,,,,,,,,,,,,,,,,,,,,,,,,,,,,,,,,,,,,,,,
20 x 30g,Old Town Nanyang Instant White Coffee O - Sugar Added,Per Serving (100ml),250kJ,0.6g,0.5g,,,,,,13.0g,0.2g,9.0g,20mg,,,,,,,,,,,,,,,,,,,,,,,,,,,,,,,,,,,,,,,,,,,,,,,,,,,,,,,,,,,,,,,,,,,
10 x 52g,Lor Espresso Aluminium Capsules - Supermo,Per Serving (100ml),1kcal,0.2g,,0.1g,,,,,,,,,,,,,,,,,,,,,,,,,,,,,,,,,,,,,,,,,,,,,,,,,,,,,,,,,,,,,,,,,,,,,,,,,,,
10 x 52g,Lor Espresso Aluminium Capsules - Ristretto,Per Serving (100ml),1kcal,0.2g,,0.1g,,,,,,,,,,,,,,,,,,,,,,,,,,,,,,,,,,,,,,,,,,,,,,,,,,,,,,,,,,,,,,,,,,,,,,,,,,,
20 x 19g,Gold Roast Kopi O - Sugar,Per Serving (19g),48kcal,0g,0g,12g,,,,,,0g,11g,6mg,,,,0g,0mg,,0g,,,,,,,,,,,,,,,,,,,,,,,,,,,,,,,,,,,,,,,,,,,,,,,,,,,,,,,,,,,,
50g,Nescafe Classic,Per Serving (2g),6kcal / 23kJ,0.4g,0g,0.8g,,,,,,,,0.2mg,,,,,0mg,,0.4g,,,,,,,,,,,,,,,,,,,,,,,,,,,,,,,,,,,,,,,,,,,,,,,,,,,,,,,,,,,,
20 x 10g,FairPrice Instant Traditional Black Coffee - Kopi-O Kosong,Per Serving (10g),41kcal,1.1g,0.7g,7.6g,,,,,,0.3g,2.3g,22mg,,,,0g,0mg,,5.1g,,,,,,,,,,,,,,,,,,,,,,,,,,,,,,,,,,,,,,,,,,,,,,,,,,,,,,,,,,,,
25 x 12g,Owl 2 in 1 Instant Coffee with Creamer,Per Serving (12g),61kcal,0.9g,3.2g,7.2g,,,,,,3.2g,1.9g,40mg,,,,0g,0mg,,0.1g,,,,,,,,,,,,,,,,,,,,,,,,,,,,,,,,,,,,,,,,,,,,,,,,,,,,,,,,,,,,
200g,Nescafe Instant Soluble Coffee Jar - Gold Intense,Per Serving 28g,6kCal,0.4g,0g,0.8g,,,,,,0g,0.1g,0.6mg,,,,0,0mg,,0.4g,,0g,0g,,,,,,,,,,,,,,,,,,,,,,,,,,,,,,,,,,,,,,,,,,,,,,,,,,,,,,,,,
240ml,Nescafe Milk Coffee Can Drink - Original,Per Serving (240),415kJ,2.4g,1.9g,18g,,,,,,,,,,,,,,,,,,,,,,,,,,,,2.9g,10.8g,,,,,,,,,,,,,,,,,,,,,,,,,,,,,,,,,,,,,,,,,,,,,,
10 per pack,Lor Espresso Aluminium Capsules - India Karnataka,Per Serving (100ml),1kcal,0.2g,,0.1g,,,,,,,,,,,,,,,,,,,,,,,,,,,,,,,,,,,,,,,,,,,,,,,,,,,,,,,,,,,,,,,,,,,,,,,,,,,
95g,Moccona Flavour Infused Coffee - A Hint of Hazelnut ,Per Serving (100g),135kcal,15.1g,0.2g,6.1g,,,,,,0.1g,3.3g,,,,,,,,,,,,,,,,,,0.4175g,,,,,,,,,,,,,,,,,,,,,,,,,,,,,,,,,,,,,,,,,,,,,,,,,,
200g,Boncafe Whole Bean Coffee - All Day,Per Serving (13g),443kcal,2g,1.5g,9g,,,,,,1g,0g,0mg,60kcal,,,0g,0mg,,6g,,,,,,,,,,,,,,,15g,,,,,,,,,,,,,,,,,,,,,,,,,,,,,,,,,,,,,,,,,,,,,
200g,Boncafe Whole Bean Coffee - Espresso,Per Serving (13g),7kcal,0.9g,0.0g,0.9g,,,,,,0.0g,,4mg,,0.0g,,0.0g,0mg,,0.2g,,,,,,,,,,,,,,,,,,,,,,,,,,,,,,,,,,,,,,,,,,,,,,,,,,,,,,,,,,,,
50g,Boncafe Instant Coffee Powder - Decaffeinated,Per Serving (100g),286kcal,15.9g,0.4g,54.8g,,,,,,0.2g,11.5g,356mg,,,,,0mg,,15.2g,,,,,,,,,,,,,,,,,,,,,,,,,,,,,,,,,,,,,,,,,,,,,,,,,,,,,,,,,,,,
20 x 18g,Gold Kili 2 in 1 Instant White Coffee - Espressccino  ,Per Serving (100g),,1g,4.5g,11g,,,,,,,2g,25mg,90kcal,,,,,,1g,,,,,,,,,,,,,,,,4g,,,,,,,,,,,,,,,,,,,,,,,,,,,,,,,,,,,,,,,,,,,,
10 x 52g,Lor Espresso Aluminium Coffee Capsules - Ristretto (Decafinated),Per Serving (100ml),1kcal,0.2g,,0.1g,,,,,,,,,,,,,,,,,,,,,,,,,,,,,,,,,,,,,,,,,,,,,,,,,,,,,,,,,,,,,,,,,,,,,,,,,,,
16 x 8g,Nescafe Dolce Gusto Beverage Capsules - Espresso Intenso,Per Serving (50ml),4kcal,0.4g,0.1g,0g,,,,,,0.1g,0g,,,,,0g,0mg,,0g,,,,,,,,,,,,,,,,,,,,,,,,,,,,,,,,,,,,,,,,,,,,,,,,,,,,,,,,,,,,
225 G,Killiney Killiney Kopi-O Kosong,Per Serving (2g),,2g,1.2g,,,,,,9.7g,0.6g,0.8g,37mg,,,,0g,0mg,,1.3g,,,,,,,,,,,,,,,,,,,,,,,,,,,,,,,,,,,,,,,,,,,,,,,,,,,,,,,,,,,,
200g,Boncafe Whole Bean Coffee - Mocca,Per Serving (13g),7kcal,0.9g,0.0g,1.1g,,,,,,0.0g,,4mg,,0.0g,,0.0g,0mg,,0.2g,,,,,,,,,,,,,,,,,,,,,,,,,,,,,,,,,,,,,,,,,,,,,,,,,,,,,,,,,,,,
200g,Boncafe Ground Coffee Powder - Colombiana,Per Serving (13g),,,1.5g,9g,,,,,,1g,0g,0mg,,,,0g,0mg,,6g,,,,,,,,,,,,,,,,,,,,,,,,,,,,,,,,,,,,,,,,,,,,,,,,,,,,,,,,,,,,
30 x 20g,Indocafe 3 in 1 Instant Coffee Mix - Special Blend,Per Serving (55g),,8g,1g,1g,15%,4%,,,,0.5g,1g,280mg,,,,,45mg,,0g,,,,,,,,,,,,,,,,,2%,6%,,,,,,,,,,,,,,,,,,,,,,,,,,,,,,,,,,,,,,,,,,
10 pc,Punto Italia Espresso Nespresso Coffee Pods Intenso,Per Serving (100g),,,,,,,,,,,0g,,,,,,,,,,,,,,,,,,,,,,,,,,,0g,,,,,,,,,,,,,,,,,,,,,,,,,,,,,,,,,,,,,,,,,
100g,UCC The Blend Instant Coffee Powder - 118 (Strong),Per Serving,6.8kcal,0.4g,0g,1.3g,,,,,,0g,0g,,,,,0g,,,,,,,,,,,,,,,,,,,,,,,0.8g,,,,,,,,,,,,,,,,,,,,,,,,,,,,,,,,,,,,,,,,
112 G,UCC Craftsman's Coffee Drip Cof Sweet Fragrance Rich Blend 16,Per Serving (),,,,,,,,,,,,,,,,,,,,,,,,,,,,,,,,,,,,,,,,0g,,,,,,,,,,,,,,,,,,,,,,,,,,,,,,,,,,,,,,,
330 G,Killiney Kopi-O Siew Dai,Per Serving (2.8g),,2.8g,1.5g,,,,,,14.3g,0.7g,10.3g,36mg,,,,0g,0mg,,2.2g,,,,,,,,,,,,,,,,,,,,,,,,,,,,,,,,,,,,,,,,,,,,,,,,,,,,,,,,,,,,
112 G,UCC Craftsman's Coffee Drip Coffee Deep Rich Special Blend 16,Per Serving (),,,,,,,,,,,,,,,,,,,,,,,,,,,,,,,,,,,,,,,,0g,,,,,,,,,,,,,,,,,,,,,,,,,,,,,,,,,,,,,,,
12 pc,Punto Italia Espresso Dolce Gusto Coffee Pods Cappuccino,Per Serving (100g),,,,,,,,,,,8.16g,,,,,,,,,,,,,,,,,,,,,,,,,,,2.2g,,,,,,,,,,,,,,,,,,,,,,,,,,,,,,,,,,,,,,,,,
100g,Moccona Classic Freeze Dried Instant Coffee - Dark Roast,Per Serving (100g),135kcal,15.1g,0.2g,6.1g,,,,,,0.1g,3.3g,,,,,,,,,,,,,,,,,,0.4175g,,,,,,,,,,,,,,,,,,,,,,,,,,,,,,,,,,,,,,,,,,,,,,,,,,
10 pc,Punto Italia Espresso Nespresso Coffee Pods Lungo Crema,Per Serving (100g),,,,,,,,,,,0g,,,,,,,,,,,,,,,,,,,,,,,,,,,0g,,,,,,,,,,,,,,,,,,,,,,,,,,,,,,,,,,,,,,,,,
10 pc,Podista Nespresso Coffee Pods Supremo,Per Serving (100g),,,,,,,,,,,0g,,,,,,,,,,,,,,,,,,,,,,,,,,,0g,,,,,,,,,,,,,,,,,,,,,,,,,,,,,,,,,,,,,,,,,
12 pc,Punto Italia Espresso Dolce Gusto Coffee Pods Superiore,Per Serving (100g),,,,,,,,,,,0g,,,,,,,,,,,,,,,,,,,,,,,,,,,0g,,,,,,,,,,,,,,,,,,,,,,,,,,,,,,,,,,,,,,,,,
90 G,UCC Craftsman's Coffee Instant Coffee Bittersweet Taste,Per Serving (),,,,,,,,,,,,,,,,,,,,,,,,,,,,,,,,,,,,,,,,0g,,,,,,,,,,,,,,,,,,,,,,,,,,,,,,,,,,,,,,,
1 X 200G,Bru Original,Per Serving (),,,,,,,,,1g,,,,,,,,,,,,,,,,,,,,,,,,,,,,,,,,,,,,,,,,,,,,,,,,,,,,,,,,,,,,,,,,,,,,,,
20 x 465g (CTN),Nescafe Instant Ipoh White Coffee - Gao Siew Dai,Per Serving (31g),139kcal,0.5g,4.5g,24.2g,,,,,,,,,,,,,,,,,,,,,,,,,,,,,,,,,,,,,,,,,,,,,,,,,,,,,,,,,,,,,,,,,,,,,,,,,,,
480 G,Mycofe 3 in 1 Ipoh White Coffee,Per Serving (40),180kcal,1g,,30g,,,,,,,,,,,,,,,,,,,,,,,,,,,,,,,,,,,,24g,6g,,,,,,,,,,,,,,,,,,,,,,,,,,,,,,,,,,,,,,
2 X 100G,UCC The Blend 118 Strong Taste Instant Coffee,Per Serving (),,,,,,,,,,,,,,,,,,,,,,,,,,,,,,,,,,,,,,,,0g,,,,,,,,,,,,,,,,,,,,,,,,,,,,,,,,,,,,,,,
80 G,AGF Maxim Freeze Dried Instant Coffee Bottle,Per Serving (),,,,,,,,,,,,,,,,,,,,,,,,,,,,,,,,,,,,,,,,0g,,,,,,,,,,,,,,,,,,,,,,,,,,,,,,,,,,,,,,,
100g,Moccona Instant Coffee - Espreso Style,Per Serving (100g),135kcal,15.1g,0.2g,6.1g,,,,,,0.1g,3.3g,,,,,,,,,,,,,,,,,,0.4175g,,,,,,,,,,,,,,,,,,,,,,,,,,,,,,,,,,,,,,,,,,,,,,,,,,
3 X 180ML,137 DEGREES Iced Coffee Latte with Almond Milk,Per Serving (),,2g,,,,,,,,,4g,30mg,,,,,0mg,,,,,,7g,,,,,,,,,,,,,,,,,,,0g,0g,5g,1.5g,1345mg,,,,,,,,,,,,,,,,,,,,,,,,,,,,,,,,,
3,Killiney 2-in-1 White Coffee Trio Bundle,Per Serving (1.3g),,1.3g,,,,,,,18.9g,6.4g,1.7g,25mg,138kcal,,,,,,,,,,,,,,,,,,,,,,,,,,,,,,,,,,,,,,,,,,,,,,,,,,,,,,,,,,,,,,,,,,
15 x 25g,Gold Choice Instant White Coffee - Cappuccino,Per Serving (),,1g,4g,,24mg,,,,,4g,13.0g,19mg,,,,0g,0mg,,1.0g,,,,19g,,,,,,,,,,,,,,0.6mg,,,,,,,,,,,,,,,,,,,,,,,,,,,,,,,,,,,,,,,,,,
10 x 30g,Yes Natural Instant Coffee - Brown Rice,Per Serving (100g),,4g,4.5g,20mg,,,,,,4.5g,4g,20mg,140kcal,,,0g,,,1g,,,,,,,,,,,,,,,40g,,,,,,,,,,,,,,,,,,,,,,,,,,,,,,,,,,,,,,,,,,,,,
100g,Boncafe Instant Coffee Powder - Decafeinated,Per Serving (2g),6kcal,0.3g,0g,1.1g,,,,,,0g,0.2g,7mg,,,,0g,0mg,,0.3g,,,,,,,,,,,,,,,,,,,,,,,,,,,,,,,,,,,,,,,,,,,,,,,,,,,,,,,,,,,,
120 G,Killiney Kopi Latte (Dolce Gusto Compatible Capsule Pods),Per Serving (12),54kcal,0.3g,,,,,,,9.1g,1.9g,,10mg,,,,,,,0.2g,,,,,4.2g,,,,,,,,,,,,,,,,,,,,,,,,,,,,,,,,,,,,,,,,,,,,,,,,,,,,,,,
500 G,Kim Guan Guan Singapore Original Traditional Coffee Powder,Per Serving (250),8kcl,0.6g,,,,,,,,,,5.0mg,,,,,,,0.1g,,,,,,,,,,,,,,,,,,,,,,,,,,,,1.5g,,,,,,,,,,,,,,,,,,,,,,,,,,,,,,,,
250 G,Cafe specialists Traditional Kopi Shop Ground Coffee Powder,Per Serving (2.5g),50kcal,2.5g,,12.5g,,,,,,,,25mg,,,,,,,,,,,,,,,,,,,,,,,,,,,,,,,,,,,,,,,,,,,,,,,,,,,,,,,,,,,,,,,,,,,
108 G,AGF Blendy Potion Coffee 6P,Per Serving (),,0.3g,,,,,,,2g,,,,,,,,,,,,,,,,,,,,,,,,,,,,,,,,,,,,,,,0g,0.05g,5mg,9kcal,62mg,322mg,61mg,,,,,,,,,,,,,,,,,,,,,,,,,
250 G,illy Ground Espresso Decaf Classico Coffee - Medium Roast,Per Serving (100g),313kcal,14g,,10g,,,,,,,,0.02g,,,,,,,,,,,,,,,,,,,,,,,,,,,,0g,11g,,,,,,,,,,,,,,100g,3.2g,,,,,,,,,,,,,,,,,,,,,,,
414 G,Frenche Roast Indulgence Tiramisu Latte,Per Serving (),96kcal,1.1g,2.0g,,,,,,,,,,,,,,,,,,,,18.3g,15.4g,,,,,,,,,,,,,,,,,,,,,,,,,,,,,,,,,,,,,,,,,,,,,,,,,,,,,,,
10 pc,Punto Italia Espresso Nespresso Choco Pods Cioccolata Classic,Per Serving (100g),,,,,,,,,,,4.9g,,,,,,,,,,,,,,,,,,,,,,,,,,,0.35g,,,,,,,,,,,,,,,,,,,,,,,,,,,,,,,,,,,,,,,,,
250 G,illy Whole Bean Arabica Selection Guatemala,Per Serving (100g),344kcal,17g,,12g,,,,,,,,0g,,,,,,,,,,,,,,,,,,,,,,,,,,,,0g,14g,,,,,,,,,,,,,,100g,6.2g,,,,,,,,,,,,,,,,,,,,,,,
12 pc,Punto Italia Espresso Dolce Gusto Coffee Pods Intenso,Per Serving (100g),,,,,,,,,,,0g,,,,,,,,,,,,,,,,,,,,,,,,,,,0g,,,,,,,,,,,,,,,,,,,,,,,,,,,,,,,,,,,,,,,,,
500 G,Giovannini Speciale N.1 - Fresh Espresso Coffee Beans,Per Serving (),,,,,,,,,,,0g,,,,,,,,,,,,,,,,,,,,,,,,,,,,,,,,,,,,,,,,,,,,,,,,,,,,,,,,,,,,,,,,,,,,
300 G,Biogreen Biogreen Dream Coffee Oatmilk,Per Serving (),,4g,0.7g,23.3g,,,,,,0.1g,,14.4mg,489.53kj,,,,,,0.7g,,,,,8.7g,,,,,,,,,,,,,,,,,,,,,,,,,,,,,,,,,,,,,,,,,,,,,,,,,,,,,,,
3 X 330G,Killiney Kopi-O Siew Dai Trio,Per Serving (22),,2.8g,1.5g,,,,,,14.3g,0.7g,10.3g,36mg,,,,0g,0mg,,2.2g,,,,,,,,,,,,,,,,,,,,,,,,,,,,,,,,,,,,,,,,,,,,,,,,,,,,,,,,,,,,
10 pc,Punto Italia Espresso Nespresso Tea Pods Earl Grey,Per Serving (100g),,,,,,,,,,,0g,,,,,,,,,,,,,,,,,,,,,,,,,,,0g,,,,,,,,,,,,,,,,,,,,,,,,,,,,,,,,,,,,,,,,,
10 pc,Punto Italia Espresso Nespresso Coffee Pods Decaffeinato,Per Serving (100g),,,,,,,,,,,0g,,,,,,,,,,,,,,,,,,,,,,,,,,,0g,,,,,,,,,,,,,,,,,,,,,,,,,,,,,,,,,,,,,,,,,
12 X 20G,Yit Foh Tenom Kopi O - 2in1,Per Serving (20g),,,0.3g,,,,,,,,,66mg,,,,,,,,,,,,,,,,,,,,,,,,,,,,11g,,,,,,,,,,,,,,,,,18g,,,,,,,,,,,,,,,,,,,,,,
200ml,Minor Figures Nitro Cold Brew Black,Per Serving (200),0kJ,0g,,0g,,,,,,,,,,,,,,,,,,,,,,,,,0g,,,,,,,,,,,,,,,,,,,,,,,,,,,,,0g,,,,,,,,,,,,,,,,,,,,,
200ml,Minor Figures Nitro Cold Brew Latte,Per Serving (200),500kJ,1.2g,,18.2g,,,,,,,8g,,,,,,,,,,,,,,,,,,0.2g,,,,,,,,,,,,,,,,,,,,,,,,,,,,,4.4g,0.6g,,,,,,,,,,,,,,,,,,,,
1 KG,Daroma Palombini Gran Bar Italian Whole Roasted Coffee Beans,Per Serving (),,,,,,,,,,,0g,,,,,,,,,,,,,,,,,,,,,,,,,,,,,,,,,,,,,,,,,,,,,,,,,,,,,,,,,,,,,,,,,,,,
5 X 10G,Indocafe The Sumatra Mandheling Drip Coffee Pouch,Per Serving (),0.4g,,,,,,,,0.6g,,,,,,,,,,,,,,,,,,,,,,,,,,,,,,,,,,,,,,,,,,,,,,,,,,,,,,,,,,,,,,,,,,,,,,
80.5 G,AGF Blendy Cafe Latory Stick 7P Thick Creamy Cappuccino,Per Serving (),,0.59g,,,,,,,6.9g,,,,,,,,,,,,,,,,,,,,,,,,,,,,,,,,,,,,,,,3.3g,0.2g,27mg,60kcal,88mg,210mg,36mg,,,,,,,,,,,,,,,,,,,,,,,,,
12 X 25G,Aik Cheong Caf Art Latte 12s,Per Serving (),,2g,,,37.8mg,,,,,2g,,52mg,,,,,,19g,1g,,,,,9g,,,,,,,,,,,,,0.1mg,,,,,,,,,,,,,,110kcal,91.5mg,,,,,,2g,,6g,75mg,,,,,,,,,,,,,,,,,,
20 X 25G,Gold Choice Charcoal Roasted Traditional Black Coffee - Kopi,Per Serving (0.3g),90kcal,0.3g,,21.1g,20mg,,,,,,,,,,,,,,,,,,,,,,,,,,,,,,,,0.5mg,,,,0.5g,,,,,,,,,,,20mg,,,,,,,,,,,,,,,,,,,,,,,,,,,
12 X 250G,illy Whole Bean Intenso Roast - Carton,Per Serving (100g),344kcal,17g,,12g,,,,,,,,0g,,,,,,,,,,,,,,,,,,,,,,,,,,,,0g,14g,,,,,,,,,,,,,,100g,6.2g,,,,,,,,,,,,,,,,,,,,,,,
1 X 1KG,Universal Caffe Extra Coffee Beans,Per Serving (),,17g,11g,66g,,,,,,4.9g,0g,0mg,90kcal,,,0g,0mg,,0g,,,,,,,,,,0g,,,,,,,,,,,,,,,,,,,,,,,,,,,,,,,,,,,,,,,,,,,,,,,,,,
4 X 300ML,Sundrop Black Coffee (300ml x 4 cans) - Pack of 2,Per Serving (),,,,,,,,,,,0g,,,,,,,,,,,,,,,,,,,,,,,,,,,,,,,,,,,,,,,,,,,,,,,,,,,100ml,,,,,,,,,,,,,,,,,
24 X 300ML,Sundrop Black Coffee (Kopi O Kaw) 300ml x 24 cans,Per Serving (),,,,,,,,,,,0g,,,,,,,,,,,,,,,,,,,,,,,,,,,,,,,,,,,,,,,,,,,,,,,,,,,100ml,,,,,,,,,,,,,,,,,
250 G,Sunday Organic Guatemala Medium Roasted Coffee Beans,Per Serving (),,,,,,,,,,,0g,,,,,,,,,,,,,,,,,,,,,,,,,,,,,,,,,,,,,,,,,,,,,,,,,,,,,,,,,,,,,,,,,,,,
30 X 25G,Indocafe Ginger Coffeemix,Per Serving (),110kcal,1g,2.5g,21g,,,,,,2.5g,16g,,,,,,,,,,,,,,,,,,10mg,,,,,,,,,,,,,,2g,,,,,,,,,,,,,,,,,,,,,,,,,,,,,,,,,,,,
30 X 240ML,JavaCafe Iced Latte Coffee Drink - Case,Per Serving (3g),140kcal,3g,3.0g,25g,,,,,,,19g,40mg,,,,,,,,,,,,,,,,,,,,,,,,,,,,,,,,,,,,,,,,,,,,,,,,,,,,,,,,,,,,,,,,,,,
250 G,UCC Gold Special Roasted Coffee Beans Rich Blend,Per Serving (),,,,,,,,,,,,,,,,,,,,,,,,,,,,,,,,,,,,,,,,0g,,,,,,,,,,,,,,,,,,,,,,,,,,,,,,,,,,,,,,,
120 G,AGF Slightly Luxurious Coffee Shop Special Blend Coffee,Per Serving (),,,,,,,,,,,,,,,,,,,,,,,,,,,,,,,,,,,,,,,,0g,,,,,,,,,,,,,,,,,,,,,,,,,,,,,,,,,,,,,,,
4 X 300ML,Sundrop Milk Coffee (300ml x 4 cans) - Pack of 2,Per Serving (),,,,,,,,,,,4.9g,,,,,,,,,,,,,,,,,,,,,,,,,,,,,,,,,,,,,,,,,,,,,,,,,,,100ml,,,,,,,,,,,,,,,,,
500 G,Sunday Organic Guatemala Medium Roasted Coffee Beans,Per Serving (),,,,,,,,,,,0g,,,,,,,,,,,,,,,,,,,,,,,,,,,,,,,,,,,,,,,,,,,,,,,,,,,,,,,,,,,,,,,,,,,,
16 X 18G,Alor Original White Coffee (2 in 1),Per Serving (),385kcal,0.8g,,8.6g,,,,,,,,,,1.18g,,,,,,,,,,,,,,,,,,,,,,,,,,,5.1g,,,,,,,,,,,,,,,,,,,,,,1.25g,,,,,,,,,,,,,,,,
8 pc,BEST Choice Strong Black Coffee (No Sugar),Per Serving (),12kcal,0.8g,3g,1.5g,,,,,,2g,,8mg,,,,0g,0mg,,2.6g,,,,,,,,,,,,,,,,,,,,,0.2g,,,,,,,,,,,,,,,,,,,,,,,,,,,,,,,,,,,,,,,
160 G,foodNess Cappuccino (No Added Sugar),Per Serving (),3.5kcal,0.1g,,,,,,,0.7g,,,,,,,,,,,,,,,,,,,,0g,,,,,,,,,0.1g,,,,,,,,,,,,,,,,,,,,,,,,,,0.1g,0.1g,0.1g,,,,,,,,,,,,,
126 G,Marks & Spencer Fairtrade Instant Cappuccino Sachets,Per Serving (),424kcal,14.4g,,60.5g,,,,,,11.6g,,,,,,,,,,,,,,,,,,,1.13g,,,,,,,,,,,46.9g,12.9g,,,,,,,,,,,,,,,,,,,,,,,,,,3.9g,,,,,,,,,,,,
5760 ML,Bifido Just Drink-CAN-Latte 24 x 240ml,Per Serving (100ml),,1.9g,,9.6g,,,,,,,7.5g,76mg,64kcal,,,,3.0mg,,0.0g,,,,,,,,,,,,,2.8g,,,,,,2.0g,,,,0.0g,,,1.4g,,,,,,,,,,,,,,,,,,,,,,,100ml,4.7g,,,,,,,,,,
1440 ML,Bifido Just Drink-CAN-Latte 6 x 240ml,Per Serving (100ml),,1.9g,,9.6g,,,,,,,7.5g,76mg,64kcal,,,,3.0mg,,0.0g,,,,,,,,,,,,,2.8g,,,,,,2.0g,,,,0.0g,,,1.4g,,,,,,,,,,,,,,,,,,,,,,,100ml,4.7g,,,,,,,,,,
6 X 210G,BERNACHON BERNACHON Coffee-Charcoal Roasted Bundle Pack,Per Serving (),,3.4g,,,,,,,,,,,,,,,,,,,,,,,,,,,,,,,,,,,,,,15.1g,3.2g,,,,,,,,,,,,,,,,,,,,,,,,,,,,,,,,,,,,,,
120 G,foodNess Dolce Gusto Golden Milk with Turmeric,Per Serving (),2.9kcal,0g,,,,,,,0.7g,,,,,,,,,,,,,,,,,,,,0g,,,,,,,,,0.1g,,,,,,,,,,,,,,,,,,,,,,,,,,0.1g,0g,0g,,,,,,,,,,,,,
30 X 2G,Gold Choice Dual Freeze Black Coffee - Cold Brew Sensation,Per Serving (),,0g,,,0mg,,,,,0g,,0mg,5kcal,0g,,0g,0mg,,,,,,1g,,,,,,,,,,,,,,0.1mg,,,,,,0g,,,,,,,,,50mg,,,,,,,,,,,,,,,,,,0mcg,,,,,,,,,
250 G,illy Ground Espresso Intenso Coffee - Dark Roast,Per Serving (100g),344kcal,17g,,12g,,,,,,,,0g,,,,,,,,,,,,,,,,,,,,,,,,,,,,0g,14g,,,,,,,,,,,,,,100g,6.2g,,,,,,,,,,,,,,,,,,,,,,,
10 pc,Punto Italia Espresso Nespresso Coffee Pods Organic Arabica,Per Serving (100g),,,,,,,,,,,0g,,,,,,,,,,,,,,,,,,,,,,,,,,,0g,,,,,,,,,,,,,,,,,,,,,,,,,,,,,,,,,,,,,,,,,
131 G,illy E.S.E Pods Coffee - Classico Roast - 18 Serving,Per Serving (100g),344kcal,17g,,12g,,,,,,6.2g,,,,,,,,,,,,,,,,,,,0g,,,,,,,,,,,0g,14g,,,,,,,,,,,,,,100g,,,,,,,,,,,,,,,,,,,,,,,,
240 x 40g (CTN),Chek Hup 3 in 1 Instant Ipoh White Coffee - Original,Per Serving,481kcal,3.4g,19.9g,72g,,,,,,19.8g,47.6g,,,,,0g,,,,,0.1g,0g,,,,,,,,,,,,,,,,,,,,,,,,,,,,,,,,,,,,,,,,,,,,,,,,,,,,,,,,,
500 G,Sunday Charcoal Roasted Arabica Dark Roast Coffee Beans,Per Serving (),,,,,,,,,,,0g,,,,,,,,,,,,,,,,,,,,,,,,,,,,,,,,,,,,,,,,,,,,,,,,,,,,,,,,,,,,,,,,,,,,
6 X 1S,Top Cappuccino Instant Coffee Mix - Choco Malt 6S,Per Serving (110kcal),,1g,3.5g,,,,,,,3.5g,14g,,,,,,,,,,,,19g,,,,,,,,,,,30kcal,,,,,,,,,,,,,,,,,,,,,,,,,,,,,,,,,,,,,110kcal,35kcal,50mg,,,,,,
200 ML,Origina Double Espresso Caramel Macchiato 200ml,Per Serving (),,2.6g,,9.2g,,,,,,,,45.3mg,,,,,,,,,,,,,,,,,,,,,,,,,,,,,1.6g,,,,,,,,,,,,,,,,,,,,,,1.5g,,,,,,,,,,,100ml,4.3g,,,,
18 pc,EL Coffee Brown Rice  Beverage,Per Serving (),425kcal,4.9g,8.4g,82.5g,,,,,,7.8g,,33.7mg,,,,0.2g,0mg,,4.8g,,,,,,,,,,,,,,,,,,,,,44.4g,,,,,,,,,,,,,,,,,,,,,,,,,,,,,,,,,,,,,,,
1 X 200G,foodNess Nutty (Hazelnut) Coffee,Per Serving (),3.2kcal,0.1g,,,,,,,0.7g,,,,,,,,,,,,,,,,,,,,0g,,,,,,,,,0.1g,,,,,,,,,,,,,,,,,,,,,,,,,,0.1g,0g,0.1g,,,,,,,,,,,,,
6 X 260G,UCC The Coffee Deep Roasted Coffee Low Sugar,Per Serving (0.5g),,0.5g,,,,,,,3.3g,,,,,,,,,,,,,,,,,,,,,,,,,,,,,,,,,,,,,,,0.2g,0.04g,,17kcal,,,,,,,,,,,,,,,,,,,,,,,,,,,,
8 pc,BEST Choice Black Coffee (Raw Sugar),Per Serving (1),64kcal,0.9g,0.5g,14.1g,,,,,,0.2g,,18mg,,,,0.0g,0mg,,2.1g,,,,,8.6g,,,,,,,,,,,,,,,,,,,,,,,,,,,,,,,,,,,,,,,,,,,,,,,,,,,,,,,
240 G,EveryDay Low GI Instant Coffee,Per Serving (),,0.9g,3.1g,,5mg,,,,,,,27mg,,,,,,,,,,,14.1g,2.7g,,,,,,,,,,,,,0.2mg,,,,,,,,,,,,,,,,,,,,,,,,,,,,,,,,,,,,,,,0.1g,3g,1.6g,377kj
30 X 240ML,JavaCafe Iced Mocha Coffee Drink - Case,Per Serving (3g),140kcal,3g,3.0g,25g,,,,,,,19g,40mg,,,,,,,,,,,,,,,,,,,,,,,,,,,,,,,,,,,,,,,,,,,,,,,,,,,,,,,,,,,,,,,,,,,
6 X 185G,UCC Blended Coffee Cafe Au Lait Low Calorie,Per Serving (),,0.5g,,,,,,,2.2g,,,,,,,,,,,,,,,,,,,,,,,,,,,,,,,,,,,,,,,0.4g,0.02g,,14kcal,,,,,,,,,,,,,,,,,,,,,,,,,,,,
250 G,Cafe specialists Traditional Signature Ground Coffee Powder,Per Serving (2.5g),50kcal,2.5g,,10g,,,,,,,,50mg,,,,,,,,,,,,,,,,,,,,,,,,,,,,,,,,,,,,,,,,,,,,,,,,,,,,,,,,,,,,,,,,,,,
270 G,Mycofe Long Black O,Per Serving (18),,0.9g,0g,,,,,,,,,,294kj,,,,,,,,,,16.5g,,,,,,17.4mg,,,,,,,,,,,14.8g,,,1.2g,,,,,,,,,,,,,,,,,,,,,,,,,,,,,,,,,,,,
6 X 260G,UCC Blended Coffee Luxurious Cafe Au Lait,Per Serving (),,0.6g,,,,,,,7.8g,,,,,,,,,,,,,,,,,,,,,,,,,,,,,,,,,,,,,,,0.7g,0.02g,,40kcal,,,,,,,,,,,,,,,,,,,,,,,,,,,,
6 X 185G,UCC Black 100% Roasted Coffee Sugar Free,Per Serving (),,,,,,,,,,,,,,,,,,,,,,,,,,,,,,,,,,,,,,,,0g,,,,,,,,,,,,,,,,,,,,,,,,,,,,,,,,,,,,,,,
120 G,AGF Slightly Luxurious Coffee Shop Instant Coffee Modern Blen,Per Serving (),,,,,,,,,,,,,,,,,,,,,,,,,,,,,,,,,,,,,,,,0g,,,,,,,,,,,,,,,,,,,,,,,,,,,,,,,,,,,,,,,
